1833443515,Tim Landeryou,Citation bot,true,-457,enwiki,2024-10-27 04:22:17
1833443715,Lunchables,Totalirus,false,182,enwiki,2024-10-27 04:23:16
1833443800,Stuntnuts: The Movie,65.95.222.89,false,4,enwiki,2024-10-27 04:23:38
1833443814,Mischief Night,24.150.197.73,false,98,enwiki,2024-10-27 04:23:41
1833443915,Michael Toerper,Marist72,false,0,enwiki,2024-10-27 04:24:17
1833444008,Edward Duffy (athlete),Pinkpollyanna,false,18,enwiki,2024-10-27 04:24:34
1833444111,The Modern Jazz Quartet (album),Yasuo Miyakawa,false,17,enwiki,2024-10-27 04:25:01
1833444318,User:Krisgabwoosh/Germán Busch 2,Krisgabwoosh,false,42,enwiki,2024-10-27 04:26:11
1833444412,Wikipedia:Administrators' noticeboard/Incidents,Vice regent,false,188,enwiki,2024-10-27 04:26:26
1833444511,Uzmani,Monkbot,true,1,enwiki,2024-10-27 04:27:08
1833444617,2023–24 EFL Trophy,ChampsRT,false,-48,enwiki,2024-10-27 04:27:25
1833444713,User talk:Devidafrica.villager,Asilvering,false,689,enwiki,2024-10-27 04:28:04
1833443501,EMD SW9,Stephan Leeds,false,2,enwiki,2024-10-27 04:22:15
1833443518,Talk:Welcome to America (disambiguation),BD2412,false,249,enwiki,2024-10-27 04:22:20
1833443717,City of Playford Tennis International,Adamtt9,false,191,enwiki,2024-10-27 04:23:16
1833443805,"String Quartets, Op. 18 (Beethoven)",MONTENSEM,false,682,enwiki,2024-10-27 04:23:40
1833443815,Alex Michelsen,PindoramaBoyy,false,-8,enwiki,2024-10-27 04:23:41
1833443916,Telangana Praja Samithi,2409:40F0:1199:D0C0:A4E5:13FF:FEF2:937A,false,-8,enwiki,2024-10-27 04:24:17
1833444113,Ken Alibek,Monkbot,true,4,enwiki,2024-10-27 04:24:59
1833444300,Saint-Cirq-Souillaguet,Monkbot,true,1,enwiki,2024-10-27 04:26:05
1833444414,2024–25 Wycombe Wanderers F.C. season,ChampsRT,false,-10,enwiki,2024-10-27 04:26:34
1833444514,Brian López,Cesarbonilla21,false,0,enwiki,2024-10-27 04:27:09
1833444618,2024 Hainault sword attack,Citation bot,true,-12,enwiki,2024-10-27 04:27:32
1833443502,User:Du Macedo/sandbox,Du Macedo,false,16,enwiki,2024-10-27 04:22:04
1833443700,FlixTrain,Bahnfrend,false,-4,enwiki,2024-10-27 04:23:11
1833443718,Talk:San Diego Surf Dawgs,2603:8000:E600:25C6:B5A7:E2B3:AE1:C7EF,false,518,enwiki,2024-10-27 04:23:18
1833443806,Marvel Epic Collection,Peterspeterson,false,812,enwiki,2024-10-27 04:23:29
1833443816,William C. Lyon,Citation bot,true,26,enwiki,2024-10-27 04:23:42
1833443918,"Wikipedia:Wiki Ed/University of California, Berkeley/Global Poverty and Practice (Fall 2024)",SRisoen,false,-51,enwiki,2024-10-27 04:24:18
1833444014,2024 in American television,Spinixster,false,184,enwiki,2024-10-27 04:24:04
1833444116,Wikipedia:WikiProject Women in Red/Meetup/294,TJMSmith,false,47,enwiki,2024-10-27 04:24:45
1833444203,Katarina Gerboldt,Monkbot,true,1,enwiki,2024-10-27 04:25:35
1833444302,User:Nshasan/template,Nshasan,false,-1,enwiki,2024-10-27 04:26:07
1833444319,Guilty (Ayumi Hamasaki album),SBelle90047,false,94,enwiki,2024-10-27 04:26:11
1833444415,Bill Buckner,Longbongwong,false,36,enwiki,2024-10-27 04:26:36
1833444515,Heuristic (psychology),Rachel322,false,-8,enwiki,2024-10-27 04:27:04
1833444619,Kim Je-nam,Seefooddiet,false,64,enwiki,2024-10-27 04:27:32
1833443504,Florida Sentinel,Nikkimaria,false,-114,enwiki,2024-10-27 04:22:17
1833443703,"Ricaud, Hautes-Pyrénées",Monkbot,true,1,enwiki,2024-10-27 04:23:12
1833443807,Cady Noland,19h00s,false,401,enwiki,2024-10-27 04:23:37
1833443819,NASCAR Whelen Modified Tour,Brycenrichter,false,148,enwiki,2024-10-27 04:23:42
1833444015,Papo Colo,70.20.215.75,false,-4,enwiki,2024-10-27 04:24:35
1833444119,Trenck (film),Monkbot,true,1,enwiki,2024-10-27 04:25:03
1833444208,2026 FIFA World Cup qualification (AFC),MRB16th,false,25,enwiki,2024-10-27 04:25:31
1833444301,Voivodeship road,Monkbot,true,1,enwiki,2024-10-27 04:25:58
1833444401,Jethro Pugh,Leeapp,false,205,enwiki,2024-10-27 04:26:34
1833444418,"Danowo, West Pomeranian Voivodeship",Monkbot,true,1,enwiki,2024-10-27 04:26:40
1833444516,Project HUB,Hariboneagle927,false,1258,enwiki,2024-10-27 04:27:10
1833443503,Cameron Grimes,TheBlueSquareTWVM,false,12478,enwiki,2024-10-27 04:22:12
1833443704,List of bus companies of the Philippines,Montanes cid,false,99,enwiki,2024-10-27 04:23:12
1833443808,1904 Missouri Attorney General election,Indylover2010,false,-44,enwiki,2024-10-27 04:23:40
1833444018,Rüdiger von der Goltz,Monkbot,true,1,enwiki,2024-10-27 04:24:36
1833444210,"Zé Carlos (footballer, born 1967)",Robby.is.on,false,9,enwiki,2024-10-27 04:25:37
1833444303,Talk:Generation X,2A00:1028:96C3:6152:0:0:0:1,false,435,enwiki,2024-10-27 04:26:07
1833444403,User:TNTBot/abusefilter-conditions,TNTBot,true,0,enwiki,2024-10-27 04:26:37
1833443505,Omorfita,Monkbot,true,2,enwiki,2024-10-27 04:22:16
1833443707,Alex Michelsen,PindoramaBoyy,false,-9,enwiki,2024-10-27 04:23:14
1833443809,George Makepeace-Cubitt,Citation bot,true,-8,enwiki,2024-10-27 04:23:41
1833444214,Tropical Storm Trami (2024),HurricaneEdgar,false,1,enwiki,2024-10-27 04:25:33
1833444304,Vishnukundins,Rasteem,false,18,enwiki,2024-10-27 04:26:10
1833444406,2024–25 Syracuse Orange men's basketball team,Kline,false,45,enwiki,2024-10-27 04:26:34
1833444502,Over the Top Wrestling,Fwaig,false,-146,enwiki,2024-10-27 04:27:00
1833444601,Insult,Arlo Barnes,false,339,enwiki,2024-10-27 04:27:24
1833443509,Cocomelon,Tsavage,false,1106,enwiki,2024-10-27 04:22:15
1833443709,Godzilla vs. Evangelion: The Real 4-D,GojiraFan1954,false,29,enwiki,2024-10-27 04:23:15
1833443811,Čermná nad Orlicí,Monkbot,true,1,enwiki,2024-10-27 04:23:40
1833443900,FlixTrain,Bahnfrend,false,-10,enwiki,2024-10-27 04:24:13
1833444217,Wake Me Up When September Ends,50.102.149.14,false,17,enwiki,2024-10-27 04:25:35
1833444310,Saint-Pierre-Saint-Jean,Monkbot,true,1,enwiki,2024-10-27 04:26:09
1833444408,Rabbi,Xersice,false,-341,enwiki,2024-10-27 04:26:35
1833444506,Trčova,Monkbot,true,1,enwiki,2024-10-27 04:27:05
1833444604,Legends of the Hidden Temple,2605:4A80:A301:B6D0:D39:7900:E6B8:AC4C,false,740,enwiki,2024-10-27 04:27:27
1833444704,"Giulești, Maramureș",Monkbot,true,3,enwiki,2024-10-27 04:28:00
1833443511,EMD SW8,Stephan Leeds,false,2,enwiki,2024-10-27 04:22:16
1833443710,Puss in Boots: The Last Wish,2601:644:801:60A0:14B4:9F8:13D6:3D76,false,6,enwiki,2024-10-27 04:23:08
1833443810,Donald Trump and fascism,Queen of Hearts,false,12,enwiki,2024-10-27 04:23:38
1833443903,Mandator,Monkbot,true,1,enwiki,2024-10-27 04:24:15
1833444004,Template:Element-symbol-to-oxidation-state-data,Johnjbarton,false,30,enwiki,2024-10-27 04:24:33
1833444103,Talk:Polly Irungu,AnomieBOT,true,41,enwiki,2024-10-27 04:24:58
1833444311,Jaylon Carlies,Jrooster49,false,9,enwiki,2024-10-27 04:26:11
1833444409,User:Samuel Adrian Antz/Drafts,Samuel Adrian Antz,false,64,enwiki,2024-10-27 04:26:34
1833444507,Features of the Marvel Universe,2600:1702:5609:5C00:2958:80C:4F8:FB6F,false,82,enwiki,2024-10-27 04:27:03
1833444605,Panos Michalopoulos,Monkbot,true,1,enwiki,2024-10-27 04:27:30
1833444705,"U.S. Route 422 Business (Reading, Pennsylvania)",Dough4872,false,193,enwiki,2024-10-27 04:28:00
1833443512,Good Omens (TV series),24.243.67.113,false,1,enwiki,2024-10-27 04:22:09
1833443711,"Kastraki, Phocis",Monkbot,true,1,enwiki,2024-10-27 04:23:16
1833443812,Dobbs v. Jackson Women's Health Organization,Irruptive Creditor,false,721,enwiki,2024-10-27 04:23:25
1833443909,Talk:Community health centers in the United States,SRisoen,false,-470,enwiki,2024-10-27 04:24:16
1833444006,Vishnukundina Empire,Rasteem,false,54,enwiki,2024-10-27 04:24:34
1833444107,1995 Jacksonville Jaguars season,72.133.196.210,false,55,enwiki,2024-10-27 04:24:57
1833444312,Thomas Stevens (monk),Smasongarrison,false,13,enwiki,2024-10-27 04:26:12
1833444411,Jorys Mène,Lepricavark,false,12,enwiki,2024-10-27 04:26:38
1833444508,Jhoanna (singer),Royiswariii,false,270,enwiki,2024-10-27 04:27:05
1833444613,2024 Clube de Regatas do Flamengo season,Claudiogostoso,false,254,enwiki,2024-10-27 04:27:21
1833444709,Project HUB,Hariboneagle927,false,66,enwiki,2024-10-27 04:28:02
1833443514,Lucia Visconti,Bg69,false,38,enwiki,2024-10-27 04:22:17
1833443714,Athgarh State,2409:40C0:1044:F2C4:8000:0:0:0,false,602,enwiki,2024-10-27 04:23:16
1833443813,Corinth Refinery,TiMike,false,43,enwiki,2024-10-27 04:23:42
1833443912,Features of the Marvel Universe,2600:1702:5609:5C00:2958:80C:4F8:FB6F,false,-27,enwiki,2024-10-27 04:24:13
1833444007,Rigelj pri Ortneku,Monkbot,true,1,enwiki,2024-10-27 04:24:33
1833444110,Kim Il-ung,Seefooddiet,false,-14,enwiki,2024-10-27 04:24:59
1833444314,Draft:Denton Welch,Citation bot,true,-26,enwiki,2024-10-27 04:26:12
1833444413,Ioannis Malokinis,Monkbot,true,1,enwiki,2024-10-27 04:26:36
1833444510,John Bradley (bishop),Smasongarrison,false,13,enwiki,2024-10-27 04:27:08
1833444615,Disneyland Railroad,47.150.214.57,false,-9,enwiki,2024-10-27 04:27:26
1833444710,Theodora Kantakouzene,Monkbot,true,1,enwiki,2024-10-27 04:28:03
1833444718,Maków County,Monkbot,true,1,enwiki,2024-10-27 04:28:06
1833444806,Talk:Castanea sativa,Kolano123,false,-38,enwiki,2024-10-27 04:28:38
1833444901,Draft:Michael Hammond-Wilson,211.30.25.251,false,-31,enwiki,2024-10-27 04:29:06
1833444917,User:Asilvering/common.js,Asilvering,false,-104,enwiki,2024-10-27 04:29:12
1833445106,Temperature in Canada,Griffin Wilkins,false,0,enwiki,2024-10-27 04:30:01
357995103,Liste öffentlicher Bücherschränke in Oberösterreich,Chester100rot,false,0,dewiki,2024-10-27 04:30:28
1833445206,Chiang Kai-shek College,Oloddin,false,4,enwiki,2024-10-27 04:30:40
1833444719,Unbiquadium,Johnjbarton,false,366,enwiki,2024-10-27 04:28:06
1833444808,Cieszyn Silesia Euroregion,Monkbot,true,2,enwiki,2024-10-27 04:28:38
1833444903,Cocomelon,Tsavage,false,-3,enwiki,2024-10-27 04:29:04
1833445000,Zarakas,Monkbot,true,1,enwiki,2024-10-27 04:29:40
1833445107,"Real Estate (Regulation and Development) Act, 2016",117.203.22.197,false,0,enwiki,2024-10-27 04:30:08
357995102,Wahlkreis Sesto San Giovanni (Camera dei deputati),Zukunft99,false,616,dewiki,2024-10-27 04:30:28
1833445207,Wikipedia:Articles for deletion/FountainVest Partners,Jonesey95,false,12,enwiki,2024-10-27 04:30:40
1833444809,Talk:Nicola Rignanese,Wizardman,false,48,enwiki,2024-10-27 04:28:39
1833444904,Wikipedia:Articles for deletion/Farmdrop (2nd nomination),Jonesey95,false,22,enwiki,2024-10-27 04:29:07
1833445001,G. R. Gopinath,2607:FEA8:3FA0:FF00:8D14:7B10:7310:AAC9,false,-1,enwiki,2024-10-27 04:29:40
1833445108,Wikipedia:Articles for deletion/Flesh and Blood (Star Trek: Voyager),Jonesey95,false,32,enwiki,2024-10-27 04:30:10
357995104,Sitzkrieg,23.233.149.88,false,30,dewiki,2024-10-27 04:30:41
1833444811,Wikipedia:Articles for deletion/F-flat,Jonesey95,false,48,enwiki,2024-10-27 04:28:40
1833444906,Gamid Agalarov,Monkbot,true,1,enwiki,2024-10-27 04:29:06
1833445002,John George (athlete),Pinkpollyanna,false,36,enwiki,2024-10-27 04:29:40
1833445111,User talk:Nihonjinatny,Justiyaya,false,556,enwiki,2024-10-27 04:30:11
1833445208,2024 Wakeley church stabbing,Citation bot,true,-3,enwiki,2024-10-27 04:30:41
1833444817,Carbon cycle,Epipelagic,false,2,enwiki,2024-10-27 04:28:36
1833444907,Clint Barton (Marvel Cinematic Universe),24.196.251.26,false,0,enwiki,2024-10-27 04:29:05
1833445004,Kim Jung-hwa (politician),Seefooddiet,false,-3,enwiki,2024-10-27 04:29:40
1833445112,2024–25 Wycombe Wanderers F.C. season,ChampsRT,false,0,enwiki,2024-10-27 04:30:07
1833445209,Indianapolis Motor Speedway,Stl66dmk,false,82,enwiki,2024-10-27 04:30:33
1833444819,Essaouira,Ileagae,false,0,enwiki,2024-10-27 04:28:37
1833444909,Template:2019 Southwest Junior College Football Conference standings,Thetreesarespeakingtome,false,72,enwiki,2024-10-27 04:29:09
1833445006,User talk:Root bio,RangersRus,false,446,enwiki,2024-10-27 04:29:42
1833445115,Comedians of Life,Monkbot,true,1,enwiki,2024-10-27 04:30:10
1833445210,Educational accreditation,2603:8001:B300:3049:1B3:3D72:14C:A9A1,false,686,enwiki,2024-10-27 04:30:43
1833444818,My Father's Glory (film),TheDutchArchivist,false,32,enwiki,2024-10-27 04:28:40
1833444911,Uryush-Bitullino,Monkbot,true,2,enwiki,2024-10-27 04:29:09
1833445005,Las que no iban a salir,ItsMario97,false,40,enwiki,2024-10-27 04:29:40
1833445116,Wikipedia:Articles for deletion/FlightNetwork,Jonesey95,false,28,enwiki,2024-10-27 04:30:11
1833445213,Wikipedia:Articles for deletion/Frances Street Squats (2nd nomination),Jonesey95,false,20,enwiki,2024-10-27 04:30:44
1833444914,Wikipedia:Administrators' noticeboard/Incidents,SMcCandlish,false,530,enwiki,2024-10-27 04:29:03
1833445014,Wikipedia:Articles for deletion/FightBack,Jonesey95,false,36,enwiki,2024-10-27 04:29:44
1833445103,Wikipedia talk:WikiProject Military history,Donner60,false,482,enwiki,2024-10-27 04:30:02
1833445119,William Henry Smith (American politician),Citation bot,true,24,enwiki,2024-10-27 04:30:12
357995101,Benutzer:Wartungsstube/Fußball,TaxonBota,true,-400,dewiki,2024-10-27 04:30:11
1833445215,Trévien,Monkbot,true,1,enwiki,2024-10-27 04:30:42
1833444801,Dolní Lánov,Monkbot,true,1,enwiki,2024-10-27 04:28:34
1833444915,Template:Mass shootings in the United States in the 2020s,Raskuly,false,55,enwiki,2024-10-27 04:29:11
1833445015,Lykostomo,Monkbot,true,1,enwiki,2024-10-27 04:29:43
1833445104,2024 Pacific typhoon season,MAS0802,false,0,enwiki,2024-10-27 04:29:52
1833445201,PEO,Monkbot,true,1,enwiki,2024-10-27 04:30:39
1833445216,Japanese occupation of West Sumatra,Kaliper1,false,1485,enwiki,2024-10-27 04:30:39
1833444802,1060,Earlsofsandwich,false,243,enwiki,2024-10-27 04:28:32
1833444916,User:PE fans/sandbox,PE fans,false,-29,enwiki,2024-10-27 04:29:10
1833445017,Philo,Rolando 1208,false,-25,enwiki,2024-10-27 04:29:40
1833445105,Shilkinsky District,Monkbot,true,1,enwiki,2024-10-27 04:30:06
1833445204,Wikipedia:Articles for deletion/Fortress of Amerikkka,Jonesey95,false,20,enwiki,2024-10-27 04:30:39
1833445219,Hugh Hefner,ClueBot NG,false,-10,enwiki,2024-10-27 04:30:42
1833445405,Human penis size,Aristotle1991,false,-39,enwiki,2024-10-27 04:31:39
357995112,Wahlkreis Sesto San Giovanni (Camera dei deputati),Zukunft99,false,11,dewiki,2024-10-27 04:32:07
1833445517,2024 Wyoming Cowboys football team,Themusicman41,false,8,enwiki,2024-10-27 04:32:06
357995119,Benutzer:Wüstenspringmaus/Luftfahrt,Hgzbot,false,12,dewiki,2024-10-27 04:32:12
1833445610,Template:2024 Mountain West Conference football standings,Themusicman41,false,0,enwiki,2024-10-27 04:32:31
1833445706,Swag (film),Sekhemty,false,-15,enwiki,2024-10-27 04:32:50
1833445300,1908 Missouri Attorney General election,Indylover2010,false,28,enwiki,2024-10-27 04:31:13
357995107,Portal:Ereignisse/Neue Artikel Sportliche Veranstaltungen,TaxonBota,true,-229,dewiki,2024-10-27 04:31:20
357995111,Benutzerin:TaxonBota/Portal:Bildende Kunst/NeueArtikel/1,TaxonBota,true,-499,dewiki,2024-10-27 04:31:43
357995113,Wikipedia:WikiProjekt Fußball/Sichtung,Hgzbot,false,1130,dewiki,2024-10-27 04:32:07
1833445611,Sivaji Ganesan filmography,Giraffedata,false,-1,enwiki,2024-10-27 04:32:27
1833445709,"Łęgi, Świdwin County",Monkbot,true,1,enwiki,2024-10-27 04:32:50
1833445303,Kai Montinola,Hocksock,false,14,enwiki,2024-10-27 04:31:14
1833445409,2024 MLS Next Pro season,Logan Z Man 2022!,false,1246,enwiki,2024-10-27 04:31:35
1833445503,List of high school football rivalries more than 100 years old,Thered&black,false,0,enwiki,2024-10-27 04:32:03
357995117,Benutzer:Wüstenspringmaus/Ungesichtet/Musik,Hgzbot,false,3,dewiki,2024-10-27 04:32:10
1833445600,1908 Missouri Attorney General election,Indylover2010,false,29,enwiki,2024-10-27 04:32:28
1833445612,1993 Storm of the Century,StormHunterBryante5467,false,1,enwiki,2024-10-27 04:32:28
1833445708,"Good Shepherd Convent, Colombo",Jay8g,false,-210,enwiki,2024-10-27 04:32:50
1833445304,User:Fixer88/Surayyo Qosimova,Fixer88,false,-318,enwiki,2024-10-27 04:31:15
1833445410,Stony Brook Southampton,68.132.49.138,false,97,enwiki,2024-10-27 04:31:43
1833445506,Richard Beere,Smasongarrison,false,41,enwiki,2024-10-27 04:32:07
1833445602,Mohandevji,WikiWhizKid1999,false,287,enwiki,2024-10-27 04:32:29
1833445305,Surfliner (railcar),Stephan Leeds,false,0,enwiki,2024-10-27 04:31:15
1833445411,2024 Utah State Aggies football team,Themusicman41,false,8,enwiki,2024-10-27 04:31:41
1833445508,Joseph Lopy,Lepricavark,false,12,enwiki,2024-10-27 04:32:07
357995118,Benutzer:Wüstenspringmaus/Ungesichtet/Raumfahrt,Hgzbot,false,1,dewiki,2024-10-27 04:32:11
1833445601,User talk:Funhistory,GreenLipstickLesbian,false,3227,enwiki,2024-10-27 04:32:28
1833445700,Wikipedia talk:WikiProject Astronomy,Loooke,false,1309,enwiki,2024-10-27 04:32:46
1833445717,Jean-Claude Turcotte,Rutsq,false,-130,enwiki,2024-10-27 04:32:52
1833445306,Salles-sur-l'Hers,Monkbot,true,1,enwiki,2024-10-27 04:31:13
1833445414,"Yes, Yes, Love in Tyrol",Monkbot,true,1,enwiki,2024-10-27 04:31:41
357995114,Portal:Mathematik/Sichten,Hgzbot,false,68,dewiki,2024-10-27 04:32:08
1833445603,Wikipedia talk:WikiProject Military history,Donner60,false,14,enwiki,2024-10-27 04:32:27
1833445701,Milžemiai,Monkbot,true,2,enwiki,2024-10-27 04:32:47
1833445718,"Pokrovka, Belebeyevsky District, Republic of Bashkortostan",Monkbot,true,1,enwiki,2024-10-27 04:32:53
1833445310,User:Hybernator,Hybernator,false,0,enwiki,2024-10-27 04:31:16
357995108,Atlantikwall Raversyde,80.187.112.241,false,304,dewiki,2024-10-27 04:31:22
1833445400,List of University of Virginia people,Sapienna,false,177,enwiki,2024-10-27 04:31:37
1833445416,Redundant (song),50.102.149.14,false,40,enwiki,2024-10-27 04:31:43
357995116,Benutzer:Hattori 15/geänderte Artikel Bahn,Hgzbot,false,3,dewiki,2024-10-27 04:32:09
1833445604,Metava,Monkbot,true,1,enwiki,2024-10-27 04:32:29
1833445702,Sabari Express,157.47.20.106,false,45,enwiki,2024-10-27 04:32:46
1833445719,Caroline Dolehide,Sashona,false,54,enwiki,2024-10-27 04:32:48
1833445314,Yadira Lira,Citation bot,true,4,enwiki,2024-10-27 04:31:15
1833445402,University of Canberra Capitals,DaHuzyBru,false,672,enwiki,2024-10-27 04:31:40
1833445417,21st Mountain Infantry Division (Poland),Monkbot,true,1,enwiki,2024-10-27 04:31:45
1833445514,Batman: The Doom That Came to Gotham (film),BoythisisworsethanthetimeIwassus,false,366,enwiki,2024-10-27 04:32:07
1833445605,Nikola Stanchev,84.43.213.189,false,0,enwiki,2024-10-27 04:32:30
1833445703,Template:Infobox Bible translation,Remsense,false,-241,enwiki,2024-10-27 04:32:49
1833445802,University of St Andrews Students' Association,138.251.250.94,false,0,enwiki,2024-10-27 04:33:11
1833445317,Mother and Child (1934 film),Monkbot,true,1,enwiki,2024-10-27 04:31:17
1833445401,DHL,Boulette982,false,-1,enwiki,2024-10-27 04:31:40
1833445418,Type 093 submarine,RovingPersonalityConstruct,false,-564,enwiki,2024-10-27 04:31:43
1833445515,Melissa Auf der Maur,Spinixster,false,-58,enwiki,2024-10-27 04:32:05
1833445606,Kamviri dialect,Kwékwlos,false,-7125,enwiki,2024-10-27 04:32:30
1833445704,1908 Missouri Attorney General election,Indylover2010,false,38,enwiki,2024-10-27 04:32:48
1833445804,Nicanor (Antipatrid general),Monkbot,true,1,enwiki,2024-10-27 04:33:13
1833445318,2024 MLS Next Pro season,GrouchoPython,false,199,enwiki,2024-10-27 04:31:14
1833445403,Jean-Claude Turcotte,Rutsq,false,-831,enwiki,2024-10-27 04:31:41
1833445501,Template:Element-symbol-to-oxidation-state-data,Johnjbarton,false,51,enwiki,2024-10-27 04:32:06
1833445516,User talk:Asilvering,Asilvering,false,119,enwiki,2024-10-27 04:32:05
1833445609,Mumviri dialect,Kwékwlos,false,-1497,enwiki,2024-10-27 04:32:31
1833445707,Human penis size,Aristotle1991,false,-78,enwiki,2024-10-27 04:32:48
1833445806,Human penis size,Aristotle1991,false,-39,enwiki,2024-10-27 04:33:10
1833446000,Philip Hawford,Smasongarrison,false,40,enwiki,2024-10-27 04:34:08
1833446017,Rattus,2001:8003:584A:F801:FD3F:1EA7:8E84:D93,false,36,enwiki,2024-10-27 04:34:12
1833446100,Abraomas Kulvietis,Monkbot,true,2,enwiki,2024-10-27 04:34:40
1833445812,Wikipedia:Help desk,Tenryuu,false,354,enwiki,2024-10-27 04:33:12
1833445906,User:RevelationDirect/sandbox,RevelationDirect,false,132,enwiki,2024-10-27 04:33:36
1833445916,Draft:Philip Benfey,RangersRus,false,213,enwiki,2024-10-27 04:33:43
1833446002,John Feckenham,Smasongarrison,false,41,enwiki,2024-10-27 04:34:08
1833446018,Black Insurrectionist,LR.127,false,-58,enwiki,2024-10-27 04:34:14
1833446101,Utah State–Wyoming football rivalry,PWHIT66,false,3,enwiki,2024-10-27 04:34:39
1833445814,Tyler Hall (basketball),Intruder007,false,-11,enwiki,2024-10-27 04:33:15
1833445904,User:KGRAMR/IS3,KGRAMR,false,-4,enwiki,2024-10-27 04:33:40
1833445917,Jean-Claude Turcotte,Rutsq,false,11,enwiki,2024-10-27 04:33:43
1833446003,Kyle Lotzkar,Citation bot,true,16,enwiki,2024-10-27 04:34:07
1833446019,Template:2024 Big 12 Conference football standings,Themusicman41,false,0,enwiki,2024-10-27 04:34:15
1833446102,Nice Côte d'Azur Airport,Metrosfan,false,-24,enwiki,2024-10-27 04:34:37
1833445816,Zombie (disambiguation),2600:1702:5609:5C00:2958:80C:4F8:FB6F,false,56,enwiki,2024-10-27 04:33:16
1833445907,Henryk Firlej,Monkbot,true,1,enwiki,2024-10-27 04:33:41
1833446006,Kim Mi-kyung (politician),Seefooddiet,false,57,enwiki,2024-10-27 04:34:08
1833446105,User:Freedoxm,Freedoxm,false,0,enwiki,2024-10-27 04:34:41
1833445818,Eric Bailly,Hieutrung19,false,0,enwiki,2024-10-27 04:33:12
1833445908,EPSON International Pano Awards,Giraffedata,false,-1,enwiki,2024-10-27 04:33:41
1833446009,User:Indylover2010,Indylover2010,false,73,enwiki,2024-10-27 04:34:02
1833446107,Parañaque Integrated Terminal Exchange,Hariboneagle927,false,48,enwiki,2024-10-27 04:34:41
1833445909,Penn High School,Caisson 06,false,-7,enwiki,2024-10-27 04:33:40
1833446011,Australian Conservation Foundation v Woodside Energy,Softpillow3,false,64,enwiki,2024-10-27 04:34:10
1833446106,Richard Whiting (abbot),Smasongarrison,false,41,enwiki,2024-10-27 04:34:43
1833445910,2024 Abierto Tampico – Singles,0add0n,false,8,enwiki,2024-10-27 04:33:39
1833446013,Endemic synod,Monkbot,true,1,enwiki,2024-10-27 04:34:11
1833446108,Bătarci,Monkbot,true,2,enwiki,2024-10-27 04:34:43
1833445913,Kim Kwan-yong,Seefooddiet,false,-10,enwiki,2024-10-27 04:33:42
1833446014,User:Dev Darshan T. K./World Chess Championship 2080,Dev Darshan T. K.,false,-463,enwiki,2024-10-27 04:34:12
1833446112,HD 218061,Loooke,false,18,enwiki,2024-10-27 04:34:45
1833445915,GNOME,Citation bot,true,30,enwiki,2024-10-27 04:33:37
1833446115,Jonatan Castellano,MSportWiki,false,55,enwiki,2024-10-27 04:34:47
1833445914,Edmund White,Themoosek,false,56,enwiki,2024-10-27 04:33:41
1833446016,Talk:Elon Musk,QRep2020,false,318,enwiki,2024-10-27 04:34:01
1833446117,Sociology in Poland,Monkbot,true,10,enwiki,2024-10-27 04:34:46
1833446201,Draft:Dreghorn (Edinburgh),Qwerfjkl (bot),true,26,enwiki,2024-10-27 04:35:17
1833446202,Frank McCourt,Themoosek,false,56,enwiki,2024-10-27 04:35:15
1833446203,Toyota Land Cruiser,190.206.184.242,false,3162,enwiki,2024-10-27 04:35:06
1833446207,Kirghiz Autonomous Socialist Soviet Republic (1926–1936),Monkbot,true,2,enwiki,2024-10-27 04:35:17
1833446316,Wikipedia:Articles for deletion/Foodmaster Square,Jonesey95,false,12,enwiki,2024-10-27 04:35:46
1833446408,User:Just Step Sideways/situations,78.28.44.127,false,8,enwiki,2024-10-27 04:36:12
1833446511,Columbia River,24.56.234.149,false,0,enwiki,2024-10-27 04:36:24
1833446614,Moj Mahdara,Jay8g,false,28,enwiki,2024-10-27 04:37:07
1833446409,Besh-Tash Nature Park,Monkbot,true,2,enwiki,2024-10-27 04:36:11
1833446513,Sylvia Nasar,Themoosek,false,56,enwiki,2024-10-27 04:36:39
1833446602,User:ClueBot III/Detailed Indices/User talk:5 albert square/Archive71,ClueBot III,true,205,enwiki,2024-10-27 04:37:06
1833446616,Alexeyenkovo,Monkbot,true,1,enwiki,2024-10-27 04:37:07
1833446412,Aderemi Adegbite,Aadirulez8,false,-8,enwiki,2024-10-27 04:36:11
1833446514,Las Vegas Motor Speedway,Stl66dmk,false,-30,enwiki,2024-10-27 04:36:30
1833446615,SM City Pampanga,Johnuniq,false,3,enwiki,2024-10-27 04:37:07
1833446302,Alvin Segal,Dirac66,false,146,enwiki,2024-10-27 04:35:42
1833446411,Steven Miles,Steelkamp,false,39,enwiki,2024-10-27 04:36:08
1833446518,List of Albanians of Turkey,2A02:AA12:E200:8A80:3517:B65A:811F:551B,false,254,enwiki,2024-10-27 04:36:38
1833446603,Catholic Church in Ireland,Citation bot,true,73,enwiki,2024-10-27 04:37:02
1833446305,"Annovka, Belebeyevsky District, Republic of Bashkortostan",Monkbot,true,1,enwiki,2024-10-27 04:35:42
1833446418,Brown rat,2001:8003:584A:F801:2842:EC3C:1CE8:1E9B,false,12,enwiki,2024-10-27 04:36:07
1833446500,Georgios Stanotas,Monkbot,true,1,enwiki,2024-10-27 04:36:35
1833446519,Project HUB,Hariboneagle927,false,48,enwiki,2024-10-27 04:36:39
1833446607,Good Omens (TV series),24.243.67.113,false,5,enwiki,2024-10-27 04:37:00
1833446307,Wikipedia:Articles for deletion/Fujifilm X10,Jonesey95,false,20,enwiki,2024-10-27 04:35:43
1833446504,Paul Martin (illustrator),JimPercy,false,12,enwiki,2024-10-27 04:36:34
1833446608,Template:Russian invasion of Ukraine infobox,Physeters,false,0,enwiki,2024-10-27 04:37:04
1833446308,User:KGRAMR/IS3,KGRAMR,false,-7,enwiki,2024-10-27 04:35:42
1833446506,Talk:Marie Curie,Remsense,false,434,enwiki,2024-10-27 04:36:31
1833446609,1987 Edgecumbe earthquake,Dawnseeker2000,false,38,enwiki,2024-10-27 04:37:06
1833446309,Bernd Bauchspieß,Robby.is.on,false,53,enwiki,2024-10-27 04:35:43
1833446401,Template:Map of United States mass shootings,Raskuly,false,151,enwiki,2024-10-27 04:36:09
1833446507,List of German films of the 1980s,2003:C6:9F30:E349:30DD:4F1E:4DA2:2808,false,82,enwiki,2024-10-27 04:36:28
1833446610,C. J. Maestas,Citation bot,true,-2,enwiki,2024-10-27 04:37:05
1833446700,1908 Missouri Attorney General election,Indylover2010,false,-44,enwiki,2024-10-27 04:37:24
1833446310,Agrasen,Aadirulez8,false,-24,enwiki,2024-10-27 04:35:44
1833446403,Category:Dog shows,Pisarz12345,false,-9,enwiki,2024-10-27 04:36:11
1833446508,2024 NCAA Division I FBS football season,Themusicman41,false,61,enwiki,2024-10-27 04:36:34
1833446611,User:Brindille1/Sandbox/List of New England Revolution Players,Brindille1,false,1,enwiki,2024-10-27 04:37:03
1833446315,The Flying Classroom (1973 film),Monkbot,true,1,enwiki,2024-10-27 04:35:45
1833446404,Tropical Storm Trami (2024),HurricaneEdgar,false,47,enwiki,2024-10-27 04:36:04
1833446510,Christina Kokotou,Monkbot,true,1,enwiki,2024-10-27 04:36:38
1833446612,2024–25 Spartan South Midlands Football League,JpTheNotSoSuperior,false,0,enwiki,2024-10-27 04:37:07
1833446718,Template:Transport for New South Wales railway stations,GMB205,false,19,enwiki,2024-10-27 04:37:29
1833446904,Co-construction (learning),Pru.mitchell,false,0,enwiki,2024-10-27 04:38:12
1833446918,Union of European Democrats,Monkbot,true,1,enwiki,2024-10-27 04:38:15
1833447004,The Bartered Bride (1932 film),Monkbot,true,1,enwiki,2024-10-27 04:38:40
1833447102,Casimir Nowotarski,Robby.is.on,false,-138,enwiki,2024-10-27 04:39:08
1833446703,Janet Browne,Themoosek,false,56,enwiki,2024-10-27 04:37:25
1833446719,Pneumococcal vaccine,Whywhenwhohow,false,2200,enwiki,2024-10-27 04:37:29
1833446802,John Baptist Lafargue,Citation bot,true,-2,enwiki,2024-10-27 04:37:51
1833446905,People Nation,2600:6C5C:4700:7B:7CFB:5E83:9CCC:2A85,false,12,enwiki,2024-10-27 04:38:11
1833446919,List of Shaun the Sheep episodes,124.169.68.70,false,0,enwiki,2024-10-27 04:38:14
1833447007,"Burbank, California",Curbyourspider,false,0,enwiki,2024-10-27 04:38:36
1833447106,WFVX-LD,Chaswmsday,false,27,enwiki,2024-10-27 04:39:09
1833446704,Talk:Brendan Eich,Aoi,false,975,enwiki,2024-10-27 04:37:24
1833446803,Theodotus of Chios,Monkbot,true,1,enwiki,2024-10-27 04:37:52
1833446907,"Mikhaylovka, Skvorchikhinsky Selsoviet, Ishimbaysky District, Republic of Bashkortostan",Monkbot,true,1,enwiki,2024-10-27 04:38:12
1833447006,Balmoral Hotel,Yngvadottir,false,1279,enwiki,2024-10-27 04:38:39
1833446707,Bound for Glory (2024),DepressedPer,false,20,enwiki,2024-10-27 04:37:26
1833446810,Talk:Leonard Fournette,Red Director,false,125,enwiki,2024-10-27 04:37:53
1833447010,Talk:Rudy Giuliani,Mgnbar,false,-139,enwiki,2024-10-27 04:38:40
1833447109,Tim Jeal,Themoosek,false,56,enwiki,2024-10-27 04:39:10
1833446708,Vieille-Toulouse,Monkbot,true,1,enwiki,2024-10-27 04:37:25
1833446813,"Agios Ilias, Lefkada",Monkbot,true,1,enwiki,2024-10-27 04:37:54
1833446913,Features of the Marvel Universe,2600:1702:5609:5C00:2958:80C:4F8:FB6F,false,4,enwiki,2024-10-27 04:38:11
1833447011,Zinc oxide,Reconrabbit,false,1340,enwiki,2024-10-27 04:38:36
1833446712,Matti Ki Banno,Adharmasingh,false,0,enwiki,2024-10-27 04:37:28
1833446812,The Vanished (2005 film),Counterfeit Purses,false,165,enwiki,2024-10-27 04:37:54
1833447012,Yagoona railway station,GMB205,false,11,enwiki,2024-10-27 04:38:42
1833446713,User:Liamashron/sandbox,Liamashron,false,-166247,enwiki,2024-10-27 04:37:14
1833446814,Kataviri language,Kwékwlos,false,-3,enwiki,2024-10-27 04:37:56
1833446914,Kai Bird,Themoosek,false,56,enwiki,2024-10-27 04:38:16
1833447013,Wawelberg,Monkbot,true,2,enwiki,2024-10-27 04:38:43
1833446815,William Adams (samurai),Smasongarrison,false,53,enwiki,2024-10-27 04:37:51
1833446916,GR Muscae,Loooke,false,47,enwiki,2024-10-27 04:38:16
1833447015,2024 MLS Cup playoffs,2603:8080:900:470B:75D3:77E4:996C:3ACB,false,19,enwiki,2024-10-27 04:38:39
1833446715,Warner Bros. Pictures,WiinterU,false,-34,enwiki,2024-10-27 04:37:26
1833446816,Draft:Benjamin Putnam,Nobleman1815,false,145,enwiki,2024-10-27 04:37:55
1833446915,Walk-off home run,LR.127,false,-55,enwiki,2024-10-27 04:38:13
1833447017,Kata-vari,Kwékwlos,false,-3,enwiki,2024-10-27 04:38:46
1833446716,Most na Soči,Monkbot,true,2,enwiki,2024-10-27 04:37:29
1833446900,ISO 639:bsh,Kwékwlos,false,-3,enwiki,2024-10-27 04:38:12
1833446917,Al Stillman,Jeffmissinne,false,11,enwiki,2024-10-27 04:38:17
1833447019,United Airlines,Blissfield101,false,-3400,enwiki,2024-10-27 04:38:42
1833447100,Kounice,Monkbot,true,1,enwiki,2024-10-27 04:39:07
1833447115,"Loubens, Ariège",Monkbot,true,1,enwiki,2024-10-27 04:39:10
1833447207,2018 Polish Basketball Cup,Monkbot,true,1,enwiki,2024-10-27 04:39:36
1833447117,Robert Dover (Cotswold Games),Smasongarrison,false,1,enwiki,2024-10-27 04:39:11
1833447210,User:FMagina/sandbox,FMagina,false,1,enwiki,2024-10-27 04:39:38
1833447116,Module:Sports color/basketball,DaHuzyBru,false,0,enwiki,2024-10-27 04:39:13
1833447211,Jeff Marquez,Citation bot,true,57,enwiki,2024-10-27 04:39:38
1833447213,UW Coronae Borealis,Loooke,false,0,enwiki,2024-10-27 04:39:39
1833447305,User:AmandaNP/UAA/Time,DeltaQuadBot,true,0,enwiki,2024-10-27 04:40:03
1833447309,Radziwiłł Palace (Vilnius),Monkbot,true,2,enwiki,2024-10-27 04:40:03
1833447218,Dimitris Rontiris,Monkbot,true,1,enwiki,2024-10-27 04:39:39
1833447310,2024 Missouri Valley Football Conference season,Natethegreat4226,false,12,enwiki,2024-10-27 04:40:00
1833447219,Discworld (video game),Gabldotink,false,4,enwiki,2024-10-27 04:39:39
1833447311,List of Albanians of Turkey,2A02:AA12:E200:8A80:3517:B65A:811F:551B,false,351,enwiki,2024-10-27 04:40:03
1833447201,Luther Monument (Worms),47.20.190.70,false,0,enwiki,2024-10-27 04:39:34
1833447313,Talk:Czech Republic,GoodDay,false,178,enwiki,2024-10-27 04:40:01
1833447204,Ryan Anderson (punter),Red Director,false,39,enwiki,2024-10-27 04:39:35
1833447314,Talk:Marie Curie,Remsense,false,399,enwiki,2024-10-27 04:39:59
1833447206,Mohammed Ibrahim (basketball),HanTsî,false,588,enwiki,2024-10-27 04:39:35
1833447316,Lionel Sanders,Gbrn0,false,117,enwiki,2024-10-27 04:40:05
1833447500,Talk:Liberland,AndyTheGrump,false,147,enwiki,2024-10-27 04:41:05
1833447518,Michigan Wolverines football,Wolverine2005,false,0,enwiki,2024-10-27 04:41:06
1833447602,John Lyon (school founder),Smasongarrison,false,45,enwiki,2024-10-27 04:41:40
1833447705,Portal:Current events/2024 October 26,Bloxzge 025,false,20,enwiki,2024-10-27 04:42:09
1833447804,List of commercial video games with available source code,WildQuackie,false,9,enwiki,2024-10-27 04:42:33
1833447501,Template:Transport for New South Wales railway stations,GMB205,false,3,enwiki,2024-10-27 04:41:04
1833447519,Dirk Fock,RyanW1995,false,-96,enwiki,2024-10-27 04:41:09
1833447605,Results of the 2024 Queensland state election,Totallynotarandomalt69,false,-3747,enwiki,2024-10-27 04:41:38
1833447707,Wikipedia:Articles for deletion/Glory of Heroes,Jonesey95,false,24,enwiki,2024-10-27 04:42:09
1833447810,Steven Ogg,188.71.250.206,false,-8,enwiki,2024-10-27 04:42:41
1833447400,The Kelly Clarkson Show season 6,2600:1700:18D1:670:11B9:D614:B27D:8ECE,false,6,enwiki,2024-10-27 04:40:31
1833447503,Yehia Emam,45.243.135.85,false,24,enwiki,2024-10-27 04:41:05
1833447613,Wikipedia:Articles for deletion/GreatAuPair,Jonesey95,false,-36,enwiki,2024-10-27 04:41:44
1833447706,Governor of Samara Oblast,Monkbot,true,1,enwiki,2024-10-27 04:42:08
1833447401,John Lewis Gaddis,Themoosek,false,56,enwiki,2024-10-27 04:40:30
1833447504,File:Kroma Tower in 2022.jpg,IronGargoyle,false,-33,enwiki,2024-10-27 04:41:06
1833447709,George Wilbur Peck,Citation bot,true,21,enwiki,2024-10-27 04:42:09
1833447403,Mohammed Ibrahim (basketball),HanTsî,false,-56,enwiki,2024-10-27 04:40:33
1833447507,"Plati, Messenia",Monkbot,true,1,enwiki,2024-10-27 04:41:06
1833447617,Rodionovo-Nesvetaysky District,Monkbot,true,1,enwiki,2024-10-27 04:41:44
1833447712,Christian Church (Disciples of Christ),2600:1700:C20:BC0:192A:7DDF:EF18:5AE2,false,-291,enwiki,2024-10-27 04:42:08
1833447409,Ramfis Domínguez-Trujillo,Ramfisdt,false,1872,enwiki,2024-10-27 04:40:33
1833447508,Jon Sumrall,Erik255,false,0,enwiki,2024-10-27 04:41:06
1833447619,Islamabad International Airport,Metrosfan,false,-25,enwiki,2024-10-27 04:41:42
1833447713,Wikipedia:Articles for deletion/Global Sports Financial Exchange,Jonesey95,false,20,enwiki,2024-10-27 04:42:12
1833447512,Aidipsos,Monkbot,true,1,enwiki,2024-10-27 04:41:09
1833447714,Véra Nabokov,Monkbot,true,1,enwiki,2024-10-27 04:42:11
1833447513,List of presidents of Vietnam,Hieutrung19,false,2,enwiki,2024-10-27 04:41:07
1833447700,Al Stillman,Jeffmissinne,false,2,enwiki,2024-10-27 04:42:08
1833447717,AIS Arena,DaHuzyBru,false,323,enwiki,2024-10-27 04:42:12
1833447800,Diet and longevity,Rgdboer,false,150,enwiki,2024-10-27 04:42:39
1833447514,Road traffic safety,Oloddin,false,39,enwiki,2024-10-27 04:41:05
1833447703,Pennsylvania Interscholastic Marching Band Association,2601:249:8301:63A0:4102:4707:5F7F:5438,false,128,enwiki,2024-10-27 04:42:08
1833447719,Help talk:Introduction to Wikipedia,Jeevagan Mahendhiran,false,168,enwiki,2024-10-27 04:42:12
1833447802,Robert Morwent,Smasongarrison,false,1,enwiki,2024-10-27 04:42:40
1833447516,2024 Utah State Aggies football team,PWHIT66,false,61,enwiki,2024-10-27 04:41:08
1833447601,Glitter and Doom Tour,Mr00Mister,false,-37,enwiki,2024-10-27 04:41:40
1833447704,Template talk:Convert,Johnuniq,false,194,enwiki,2024-10-27 04:42:06
1833447803,Iran–European Union relations,Randy Kryn,false,0,enwiki,2024-10-27 04:42:39
1833447812,Jawi script,Prosnu,false,0,enwiki,2024-10-27 04:42:33
1833447914,"Dodger infield of Garvey, Lopes, Cey and Russell",71.255.235.203,false,2,enwiki,2024-10-27 04:43:15
1833448002,Bedous,Monkbot,true,1,enwiki,2024-10-27 04:43:42
1833448014,Wall Drug,73.37.153.73,false,17,enwiki,2024-10-27 04:43:46
1833448109,Baoneng Group,Citation bot,true,42,enwiki,2024-10-27 04:44:15
1833448200,Gibraltar national under-17 football team,VampireKilla,false,0,enwiki,2024-10-27 04:44:37
1833447814,Hamada Emam,45.243.135.85,false,25,enwiki,2024-10-27 04:42:41
1833447913,Josh Levin,Themoosek,false,56,enwiki,2024-10-27 04:43:15
1833448003,LGarde,220 of Borg,false,6,enwiki,2024-10-27 04:43:44
1833448015,NCAA Division I FBS passing leaders,Elirbosley,false,0,enwiki,2024-10-27 04:43:36
1833448110,2024 Turismo Carretera,MSportWiki,false,-17,enwiki,2024-10-27 04:44:15
1833448202,Natalyinsk,Monkbot,true,1,enwiki,2024-10-27 04:44:38
1833447815,Template:2024 Argentine Primera División table,186.29.35.253,false,0,enwiki,2024-10-27 04:42:42
1833447905,2024–25 Indian Super League,Jit9701,false,-8,enwiki,2024-10-27 04:43:04
1833447915,Portal:Current events/2024 October 26,Bloxzge 025,false,15,enwiki,2024-10-27 04:43:17
1833448005,Archduke Felix of Austria,Aljaesh22,false,400,enwiki,2024-10-27 04:43:43
1833448016,College of Natural Resources (Bhutan),Citation bot,true,83,enwiki,2024-10-27 04:43:46
1833448113,G.S. Iraklis Thessaloniki (Rugby),Monkbot,true,1,enwiki,2024-10-27 04:44:17
1833447816,Thomas P. Salmon,2600:1000:B10D:CA40:E41D:66F2:4B43:5E4C,false,35,enwiki,2024-10-27 04:42:40
1833447903,Lumbee,98.41.201.72,false,-1,enwiki,2024-10-27 04:43:08
1833447917,Mansoureh Khojasteh Bagherzadeh,2601:151:C302:EC70:E86A:589E:E7F8:D6E0,false,8,enwiki,2024-10-27 04:43:15
1833448006,Comparison of North American ski resorts,Jcmccain,false,-21,enwiki,2024-10-27 04:43:35
1833448017,List of equipment of the Saudi Arabian Army,2A02:9B0:1F:D0A2:59FF:B2B9:CA4E:45D0,false,3,enwiki,2024-10-27 04:43:41
1833448100,User talk:Σ/Archive/2024/October,ClueBot III,true,3500,enwiki,2024-10-27 04:44:15
1833448114,Jamal Mayers,JustTrying234,false,-36,enwiki,2024-10-27 04:44:17
1833447818,Prayut Chan-o-cha,Remsense,false,79,enwiki,2024-10-27 04:42:34
1833447904,2021 Multishow Brazilian Music Award,98Rayan26,false,57,enwiki,2024-10-27 04:43:11
1833447918,"Viella, Hautes-Pyrénées",Monkbot,true,1,enwiki,2024-10-27 04:43:14
1833448007,List of Donald Trump 2024 presidential campaign international endorsements,Hafizh Iskandar,false,139,enwiki,2024-10-27 04:43:39
1833448101,Kyou Fujibayashi,MonAx,false,7,enwiki,2024-10-27 04:44:16
1833448115,Sinan Akçıl,2A02:AA12:E200:8A80:3517:B65A:811F:551B,false,14,enwiki,2024-10-27 04:44:19
1833447907,Mike Panopoulos,Monkbot,true,1,enwiki,2024-10-27 04:43:11
1833447919,Voepass Flight 2283,Shiny Gardevoir,false,99,enwiki,2024-10-27 04:43:13
1833448008,Carlos Pace,Mb2437,false,76,enwiki,2024-10-27 04:43:43
1833448103,Muhammad Najeeb Naqi Khan,31.205.78.74,false,822,enwiki,2024-10-27 04:44:14
1833448116,1968 United States presidential election,2607:FEA8:22DE:1F20:910E:3BAE:8811:D5FC,false,51,enwiki,2024-10-27 04:44:12
1833447908,User talk:Anthonye2001,TornadoLGS,false,311,enwiki,2024-10-27 04:43:12
1833448009,Professional wrestling strikes,Adrian619Mysterio,false,89,enwiki,2024-10-27 04:43:44
1833448102,Ice Spice discography,LR.127,false,-33,enwiki,2024-10-27 04:44:13
1833448118,Protein aggregation predictors,Citation bot,true,-6,enwiki,2024-10-27 04:44:18
1833447909,Vladimir Lenin,Remsense,false,-86,enwiki,2024-10-27 04:42:58
1833448010,Thailand,Remsense,false,51,enwiki,2024-10-27 04:43:26
1833448104,Irena Pavelková,GoodDay,false,-1,enwiki,2024-10-27 04:44:16
1833448119,Ndamukong Suh,Red Director,false,168,enwiki,2024-10-27 04:44:14
1833448011,Sinan Akçıl,2A02:AA12:E200:8A80:3517:B65A:811F:551B,false,355,enwiki,2024-10-27 04:43:46
1833448105,Wikipedia:Featured and good topic candidates,Aza24,false,-91,enwiki,2024-10-27 04:44:15
1833447911,David Crisafulli,Steelkamp,false,8,enwiki,2024-10-27 04:43:14
1833448012,Warblino,Monkbot,true,1,enwiki,2024-10-27 04:43:46
1833448106,User talk:Σ,ClueBot III,true,-3501,enwiki,2024-10-27 04:44:16
1833448203,Jermar Jefferson,Red Director,false,33,enwiki,2024-10-27 04:44:39
1833448219,Khamzat Chimaev,Stosseled,false,415,enwiki,2024-10-27 04:44:40
1833448312,List of Albanians of Turkey,2A02:AA12:E200:8A80:3517:B65A:811F:551B,false,371,enwiki,2024-10-27 04:45:08
1833448402,Pseudo-panspermia,SMcCandlish,false,2,enwiki,2024-10-27 04:45:31
1833448418,Sarinda hentzi,Mediocre.marsupial,false,17,enwiki,2024-10-27 04:45:35
1833448514,Charles de Gaulle Airport,Metrosfan,false,-370,enwiki,2024-10-27 04:45:58
1833448205,Hugh Roe O'Donnell,SkywalkerEccleston,false,-20,enwiki,2024-10-27 04:44:35
1833448313,Ryan Higa,Citation bot,true,-9,enwiki,2024-10-27 04:45:06
1833448405,Yangelskoye,Monkbot,true,2,enwiki,2024-10-27 04:45:32
1833448500,Pefki,Monkbot,true,1,enwiki,2024-10-27 04:45:58
1833448517,South Carolina Gamecocks men's basketball,2600:382:6522:5513:1F9:514B:2396:4162,false,-6,enwiki,2024-10-27 04:46:03
1833448206,Aristidis Kokkoris,Monkbot,true,1,enwiki,2024-10-27 04:44:41
1833448314,User:Cyberbot I/Requests for unblock report,Cyberbot I,true,-50,enwiki,2024-10-27 04:45:09
1833448407,Kai Montinola,Hocksock,false,27,enwiki,2024-10-27 04:45:31
1833448501,User talk:Stevencocoboy,Demt1298,false,713,enwiki,2024-10-27 04:45:59
1833448519,Results of the 2024 Queensland state election,Totallynotarandomalt69,false,3,enwiki,2024-10-27 04:46:02
1833448208,Anti-Black racism,2600:8807:A792:BD00:D639:F276:35CD:DF46,false,14,enwiki,2024-10-27 04:44:31
1833448301,2024 Copa Colombia,CodeMars04,false,1278,enwiki,2024-10-27 04:45:03
1833448315,Udryakbash,Monkbot,true,2,enwiki,2024-10-27 04:45:09
1833448409,Captain Star,DrakeyC,false,62,enwiki,2024-10-27 04:45:33
1833448502,Toyota Land Cruiser,Andreslence2,false,6089,enwiki,2024-10-27 04:45:49
1833448209,Graham Hill,Nikkimaria,false,-63,enwiki,2024-10-27 04:44:36
1833448303,Hagedet,Monkbot,true,1,enwiki,2024-10-27 04:45:05
1833448411,Joliane Melançon,Citation bot,true,20,enwiki,2024-10-27 04:45:33
1833448503,Albanian lek,98.117.41.112,false,4,enwiki,2024-10-27 04:45:58
1833448212,Charles de Gaulle Airport,Metrosfan,false,-101,enwiki,2024-10-27 04:44:34
1833448304,User:Rhododendrites/Pizza in New York City,Rhododendrites,false,-1,enwiki,2024-10-27 04:45:08
357995202,Benutzer:Psittacuso/Wartung Literatur Deutsch,TaxonBota,true,119,dewiki,2024-10-27 04:45:21
1833448413,1st Parliament of Elizabeth I,Dkmfwtx,false,0,enwiki,2024-10-27 04:45:34
1833448505,David Beland,Pinkpollyanna,false,37,enwiki,2024-10-27 04:46:00
1833448214,Maurice Anderson (American football),Kelliecharging,false,-20,enwiki,2024-10-27 04:44:42
1833448307,User talk:Miniapolis/Archivelist,Legobot,true,-109,enwiki,2024-10-27 04:45:08
1833448415,George William Childs,Citation bot,true,23,enwiki,2024-10-27 04:45:34
1833448507,Anti-Black racism,FifthFive,false,-14,enwiki,2024-10-27 04:45:53
1833448215,Beverly Gage,Themoosek,false,56,enwiki,2024-10-27 04:44:43
1833448306,Fontaines D.C.,Dylan620,false,0,enwiki,2024-10-27 04:45:05
1833448414,Hervé Renard,180.252.161.183,false,-191,enwiki,2024-10-27 04:45:32
1833448509,List of Nova episodes,68.203.165.135,false,3,enwiki,2024-10-27 04:45:49
1833448216,Talk:List of Turkic mythological figures,207.161.129.168,false,323,enwiki,2024-10-27 04:44:44
1833448308,National Basketball League (Australia),1.159.150.219,false,160,enwiki,2024-10-27 04:45:05
357995203,Liste der Gefäßpflanzen Deutschlands/Brombeeren,B.Thomas95,false,6,dewiki,2024-10-27 04:45:27
1833448400,Pete Lembo,Erik255,false,0,enwiki,2024-10-27 04:45:30
1833448416,Draft:Ebony Reed,Citation bot,true,119,enwiki,2024-10-27 04:45:34
1833448511,List of highest-grossing Indian Bengali films,BhikhariInformer,false,-203,enwiki,2024-10-27 04:45:59
1833448218,Prodromos Korkizoglou,Monkbot,true,1,enwiki,2024-10-27 04:44:44
1833448311,PSR J0855−4644,Loooke,false,-25,enwiki,2024-10-27 04:45:08
1833448401,Rockers (1978 film),AwerDiWeGo,false,48,enwiki,2024-10-27 04:45:31
1833448419,Kenny Stills,Red Director,false,11,enwiki,2024-10-27 04:45:34
357995206,Benutzer:Wartungsstube/Sexualität,TaxonBota,true,-93,dewiki,2024-10-27 04:45:48
1833448513,German National Library of Science and Technology,Monkbot,true,1,enwiki,2024-10-27 04:46:01
1833448617,Sybra palavana,Fraserbarnes07,false,250,enwiki,2024-10-27 04:46:30
357995210,Benutzerin:TaxonBota/qstest,TaxonBota,true,-93,dewiki,2024-10-27 04:46:32
1833448717,User talk:Mitch Ames,JarrahTree,false,751,enwiki,2024-10-27 04:46:59
1833448807,Yusmari Mengana,Citation bot,true,-1,enwiki,2024-10-27 04:47:26
1833448918,Herbert Foerstel,Editrite!,false,-1,enwiki,2024-10-27 04:47:58
1833448618,ProtCID,Citation bot,true,32,enwiki,2024-10-27 04:46:31
1833448700,RWD (aircraft manufacturer),Monkbot,true,1,enwiki,2024-10-27 04:46:53
1833448719,Josaphat Kuntsevych,Smasongarrison,false,39,enwiki,2024-10-27 04:46:54
1833448809,Nikos Linardos,Monkbot,true,1,enwiki,2024-10-27 04:47:26
1833448900,Evangelical Free Church of Geneva,John Foxe,false,4,enwiki,2024-10-27 04:47:52
1833448600,Lakshmi Narayan – Sukh Samarthya Santulan,102.119.96.89,false,11,enwiki,2024-10-27 04:46:23
1833448619,Australian Conservation Foundation,Softpillow3,false,735,enwiki,2024-10-27 04:46:30
1833448701,List of current United States governors,100.17.18.191,false,229,enwiki,2024-10-27 04:46:46
1833448718,Sauveterre-de-Rouergue,Monkbot,true,1,enwiki,2024-10-27 04:46:56
1833448808,Talk:Noctilucent cloud,Z1720,false,340,enwiki,2024-10-27 04:47:24
1833448901,User talk:2600:8807:A792:BD00:D639:F276:35CD:DF46,ClueBot NG,false,1882,enwiki,2024-10-27 04:47:54
357995207,Portal:Deutsche Literatur/Neuankömmlinge,TaxonBota,true,51,dewiki,2024-10-27 04:46:20
1833448604,Réveil,John Foxe,false,2,enwiki,2024-10-27 04:46:26
357995211,Atlantikwall Raversyde,80.187.112.241,false,712,dewiki,2024-10-27 04:46:45
1833448702,Charles de Gaulle Airport,Metrosfan,false,-55,enwiki,2024-10-27 04:46:47
1833448811,Tocumen International Airport,JoshuaEW,false,-27,enwiki,2024-10-27 04:47:26
1833448902,Category:18th-century Polish–Lithuanian actors,Smasongarrison,false,62,enwiki,2024-10-27 04:47:53
1833448606,Israel–Hamas war,Achmad Rachmani,false,36,enwiki,2024-10-27 04:46:06
1833448703,Willie Revillame,PJ Santos,false,298,enwiki,2024-10-27 04:46:50
1833448812,Hanser Meoque,Citation bot,true,-4,enwiki,2024-10-27 04:47:27
1833448904,2024–25 NCAA football bowl games,ParkerLyme,false,42,enwiki,2024-10-27 04:47:52
1833448607,Muhammad Najeeb Naqi Khan,31.205.78.74,false,-501,enwiki,2024-10-27 04:46:27
1833448704,Mains electricity by country,179.232.4.232,false,-355,enwiki,2024-10-27 04:46:50
1833448814,Gatwick Airport,Metrosfan,false,-50,enwiki,2024-10-27 04:47:20
1833448908,Coalició Compromís,Randy Kryn,false,0,enwiki,2024-10-27 04:47:53
1833448610,Roquebrun,Monkbot,true,1,enwiki,2024-10-27 04:46:26
1833448706,Henry Harmer,Pinkpollyanna,false,36,enwiki,2024-10-27 04:46:54
357995215,Diskussion:Radio Bollerwagen,2A02:908:1579:3B40:D36E:99A4:F97C:82F7,false,259,dewiki,2024-10-27 04:47:05
1833448818,List of English words of French origin,Actarus176,false,654,enwiki,2024-10-27 04:47:30
1833448909,My Journey to Her,173.189.18.207,false,-10,enwiki,2024-10-27 04:47:53
1833448612,Malleshwaram (Bengaluru) Inscriptions and Herostones,Pluday,false,431,enwiki,2024-10-27 04:46:29
1833448710,45th Canadian federal election,Punker85,false,536,enwiki,2024-10-27 04:46:53
1833448804,2024 Arkansas State Red Wolves football team,Themusicman41,false,0,enwiki,2024-10-27 04:47:24
1833448819,Curt Cignetti,Erik255,false,0,enwiki,2024-10-27 04:47:29
1833448910,Bharatiya Nyaya Sanhita,BNSNews,false,72,enwiki,2024-10-27 04:47:54
1833448613,Ayutthaya Warrior F.C.,2001:FB1:5E:4795:81F0:F7F4:BFC4:BAA7,false,734,enwiki,2024-10-27 04:46:30
357995212,Modul:Wahlkreise/Liste,Zukunft99,false,0,dewiki,2024-10-27 04:46:58
357995214,Bestenliste der Triathleten auf der Ironman-Distanz,LennBr,false,-12,dewiki,2024-10-27 04:46:58
1833448805,List of Nova episodes,68.203.165.135,false,0,enwiki,2024-10-27 04:47:09
1833448911,Martinsville Speedway,Stl66dmk,false,-25,enwiki,2024-10-27 04:47:53
1833448616,Wikipedia talk:WikiProject Fungi/Lichen task force,Esculenta,false,110,enwiki,2024-10-27 04:46:31
1833448716,Talk:List of awards and nominations received by Paul Kelly,Aza24,false,187,enwiki,2024-10-27 04:46:58
1833448806,Template:Los Angeles Rams roster navbox,Jrooster49,false,-8,enwiki,2024-10-27 04:47:26
1833448912,Monument to the Fallen Shipyard Workers of 1970,Monkbot,true,1,enwiki,2024-10-27 04:47:54
1833449101,Electriquette,76.88.55.135,false,-21,enwiki,2024-10-27 04:48:52
1833449200,2024–25 Dallas Stars season,NicholasHui,false,133,enwiki,2024-10-27 04:49:19
1833449218,Joseph B. Campbell,Macho delta588,false,-23,enwiki,2024-10-27 04:49:27
1833449313,Zuellig Building,IronGargoyle,false,96,enwiki,2024-10-27 04:49:46
1833449000,Uthra,Xanzzibar,false,4,enwiki,2024-10-27 04:48:22
1833449103,Suksunsky District,Monkbot,true,1,enwiki,2024-10-27 04:48:53
1833449201,Michigan International Speedway,Stl66dmk,false,-18,enwiki,2024-10-27 04:49:13
1833449219,Sigean,Monkbot,true,1,enwiki,2024-10-27 04:49:24
1833449316,Nataly Michel,Citation bot,true,-1,enwiki,2024-10-27 04:49:45
1833449002,Main Ground Combat System,Citation bot,true,55,enwiki,2024-10-27 04:48:23
1833449105,Brussels Elementary/High School,WhisperToMe,false,2,enwiki,2024-10-27 04:48:57
1833449203,Josh Keeley,Robby.is.on,false,51,enwiki,2024-10-27 04:49:21
1833449319,Panagiotis Ginis,Monkbot,true,1,enwiki,2024-10-27 04:49:47
357995219,Bestenliste der Triathleten auf der Ironman-Distanz,LennBr,false,31,dewiki,2024-10-27 04:48:03
1833449003,Mere Ghar Aayi Ek Nanhi Pari,Adharmasingh,false,-9,enwiki,2024-10-27 04:48:25
1833449106,Madrid–Barajas Airport,Metrosfan,false,-76,enwiki,2024-10-27 04:48:51
1833449205,Kostas Kazakos,Monkbot,true,1,enwiki,2024-10-27 04:49:21
1833449004,PV Cephei,PopePompus,false,480,enwiki,2024-10-27 04:48:24
1833449107,Stary Akbulyak,Monkbot,true,2,enwiki,2024-10-27 04:48:56
1833449209,List of equipment of the Saudi Arabian Army,2A02:9B0:1F:D0A2:59FF:B2B9:CA4E:45D0,false,0,enwiki,2024-10-27 04:49:18
1833449010,"Malinovka, Belebeyevsky District, Republic of Bashkortostan",Monkbot,true,1,enwiki,2024-10-27 04:48:27
1833449111,Epsom Girls' Grammar School,Traumnovelle,false,-601,enwiki,2024-10-27 04:48:58
1833449212,Widerøe Flight 744,BalinKingOfMoria,false,1,enwiki,2024-10-27 04:49:23
1833449011,Mohammed Ibrahim (basketball),HanTsî,false,72,enwiki,2024-10-27 04:48:27
1833449114,BRICS PAY,RovingPersonalityConstruct,false,-251,enwiki,2024-10-27 04:48:58
1833449213,Talk:Kirk Cousins,Red Director,false,-172,enwiki,2024-10-27 04:49:25
1833449012,Paddle Pop Adventures,2406:5A00:F002:700:2053:E903:A352:41F6,false,54,enwiki,2024-10-27 04:48:28
1833449116,Dzyarechyn,Monkbot,true,3,enwiki,2024-10-27 04:48:59
1833449215,User talk:I enjoy sandwiches/Archive index,Legobot,true,0,enwiki,2024-10-27 04:49:27
1833449019,Josué Casimir,Lepricavark,false,-2,enwiki,2024-10-27 04:48:29
1833449117,Adenauer Bach,Fraserbarnes07,false,265,enwiki,2024-10-27 04:49:00
1833449214,User:Luke1776/sandbox 4,Luke1776,false,296,enwiki,2024-10-27 04:49:15
1833449300,Námestovo,Monkbot,true,2,enwiki,2024-10-27 04:49:44
1833449119,Augustyn Kordecki,Smasongarrison,false,39,enwiki,2024-10-27 04:49:01
1833449217,List of Kolkata Metro stations,Mahafujalam6131,false,687,enwiki,2024-10-27 04:49:21
1833449311,HMS Llandaff (F61),Naraht,false,-1,enwiki,2024-10-27 04:49:44
1833449402,User:TheLoyalOrder,TheLoyalOrder,false,87,enwiki,2024-10-27 04:50:07
1833449603,Paul-Henri Bourguignon,Jhoffelt,false,23,enwiki,2024-10-27 04:50:49
1833449703,Japanese Friendship Garden (Balboa Park),76.88.55.135,false,-8,enwiki,2024-10-27 04:51:10
1833449817,1912 Missouri Attorney General election,Indylover2010,false,38,enwiki,2024-10-27 04:51:36
1833449405,1912 Missouri Attorney General election,Indylover2010,false,28,enwiki,2024-10-27 04:50:05
1833449606,Krasnystaw,Monkbot,true,1,enwiki,2024-10-27 04:50:47
1833449704,BELMA,Monkbot,true,15,enwiki,2024-10-27 04:51:10
1833449818,Occipital bone,Biwrdy,false,0,enwiki,2024-10-27 04:51:36
1833449404,Pneumococcal vaccine,Whywhenwhohow,false,595,enwiki,2024-10-27 04:50:05
1833449610,1912 Missouri Attorney General election,Indylover2010,false,45,enwiki,2024-10-27 04:50:48
1833449706,Mobile Suit Gundam SEED,99.235.9.131,false,1,enwiki,2024-10-27 04:51:09
1833449819,Talk:2025 in Tanzania,JarrahTree,false,26,enwiki,2024-10-27 04:51:39
1833449407,E. L. Doctorow,Themoosek,false,56,enwiki,2024-10-27 04:50:05
1833449502,Talk:1980 Tanzanian general election,JarrahTree,false,27,enwiki,2024-10-27 04:50:29
1833449611,Brat and It's Completely Different but Also Still Brat,2A01:E0A:306:C700:88B:1548:75E3:8596,false,0,enwiki,2024-10-27 04:50:50
1833449708,Boulevard Périphérique,David Crayford,false,-123,enwiki,2024-10-27 04:51:12
1833449801,José Hmaé,Lepricavark,false,12,enwiki,2024-10-27 04:51:35
1833449406,VF-8 (1941–1942),Naraht,false,-1,enwiki,2024-10-27 04:50:06
1833449501,United States women's national under-17 soccer team,Stevencocoboy,false,-267,enwiki,2024-10-27 04:50:26
1833449613,Periyar and women's rights,LR.127,false,27,enwiki,2024-10-27 04:50:50
1833449709,Harriet Jones (swimmer),Zyxw,false,267,enwiki,2024-10-27 04:51:12
1833449804,2024 Argentine Primera División,186.29.35.253,false,86,enwiki,2024-10-27 04:51:30
1833449409,Kurt-Yelga,Monkbot,true,2,enwiki,2024-10-27 04:50:07
1833449503,Voepass Flight 2283,GA-RT-22,false,-99,enwiki,2024-10-27 04:50:28
1833449614,Nancy Spungen,Citation bot,true,64,enwiki,2024-10-27 04:50:49
1833449712,List of disasters in Canada by death toll,Bron6669,false,-6,enwiki,2024-10-27 04:51:11
1833449808,Kennedale Independent School District,AnomieBOT,true,18,enwiki,2024-10-27 04:51:36
1833449411,Józef Wereszczyński,Smasongarrison,false,39,enwiki,2024-10-27 04:50:09
1833449508,Medal of Honor: Rising Sun,Naraht,false,-1,enwiki,2024-10-27 04:50:28
1833449616,Yeast artificial chromosome,Bubbleopaque,false,-101,enwiki,2024-10-27 04:50:50
1833449713,James Nolan (footballer),Robby.is.on,false,-11,enwiki,2024-10-27 04:51:14
1833449809,Lostwave,71.120.11.132,false,-2,enwiki,2024-10-27 04:51:36
1833449417,Warmian–Masurian Voivodeship Sejmik,Monkbot,true,1,enwiki,2024-10-27 04:50:10
1833449509,Wikipedia:Articles for deletion/A Comedy of Terrors,ARandomName123,false,309,enwiki,2024-10-27 04:50:30
1833449618,"Collegiate Church of the Holy Cross and St. Bartholomew, Wrocław",Monkbot,true,1,enwiki,2024-10-27 04:50:51
1833449714,Matale Electoral District,Geoarthouse1124,false,2224,enwiki,2024-10-27 04:51:12
1833449810,Category:Polish monks,Smasongarrison,false,0,enwiki,2024-10-27 04:51:38
1833449418,MrBeast,Citation bot,true,-16,enwiki,2024-10-27 04:50:03
1833449511,Larry Niven,146.199.175.92,false,0,enwiki,2024-10-27 04:50:29
1833449700,List of India national cricket coaches,2409:40F2:204E:82FD:8000:0:0:0,false,16,enwiki,2024-10-27 04:51:08
1833449718,Lostwave,71.120.11.132,false,2,enwiki,2024-10-27 04:51:14
1833449815,Star! (film),96.250.122.107,false,-15,enwiki,2024-10-27 04:51:36
1833449601,McGeorge Bundy,NicolasJz,false,-28,enwiki,2024-10-27 04:50:46
1833449701,1912 Missouri Attorney General election,Indylover2010,false,50,enwiki,2024-10-27 04:51:09
1833449816,Love Is Just a Fairytale,Monkbot,true,1,enwiki,2024-10-27 04:51:37
1833449903,Human penis size,Aristotle1991,false,-10,enwiki,2024-10-27 04:51:53
1833450017,2024 Maharashtra Legislative Assembly election,Wolfnmoon,false,-66,enwiki,2024-10-27 04:52:11
1833450111,Alexander Mavrokordatos (1636–1709),Monkbot,true,1,enwiki,2024-10-27 04:52:44
1833449908,User:Muzilon/sandbox,Muzilon,false,-10780,enwiki,2024-10-27 04:51:57
1833450019,Amleto Monacelli,Citation bot,true,18,enwiki,2024-10-27 04:52:24
1833450115,List of secular humanists,50.203.247.26,false,52,enwiki,2024-10-27 04:52:44
1833449909,Agreement (political party),Monkbot,true,3,enwiki,2024-10-27 04:51:56
1833450001,Draft:List of Chelsea F. C players chronologically,Scottlinehan1999,false,30,enwiki,2024-10-27 04:52:11
1833450116,Wolf spider,2600:1017:B148:D0C5:4CC6:B64F:FBC:62D6,false,139,enwiki,2024-10-27 04:52:43
1833450202,Draft:Eve Brandstein,WikiStarBlue,false,79,enwiki,2024-10-27 04:53:03
1833449910,Talk:Conservative Party of British Columbia,PoliticalPoint,false,215,enwiki,2024-10-27 04:51:57
1833450004,Wikipedia:Articles for deletion/George Street Co-op,Jonesey95,false,130,enwiki,2024-10-27 04:52:21
1833450103,Wikipedia:Articles for deletion/Gary Richard Arnold,Jonesey95,false,28,enwiki,2024-10-27 04:52:43
1833450119,Wikipedia:Articles for deletion/Gary Martin (actor),Jonesey95,false,12,enwiki,2024-10-27 04:52:47
1833450204,Talk:2016 in Tanzania,JarrahTree,false,72,enwiki,2024-10-27 04:53:03
1833450302,Talk:Feminazi/Archive index,Legobot,true,-70,enwiki,2024-10-27 04:53:24
1833449915,Darłówko,Monkbot,true,1,enwiki,2024-10-27 04:51:59
1833450006,Conclave (film),Bearian,false,33,enwiki,2024-10-27 04:52:19
1833450104,Module:Israeli-Palestinian conflict detailed map,President Loki,false,3,enwiki,2024-10-27 04:52:44
1833450205,Edgeware,Traumnovelle,false,-372,enwiki,2024-10-27 04:53:03
1833450305,Lizard Union (medieval),Monkbot,true,3,enwiki,2024-10-27 04:53:24
1833449917,1912 Missouri Attorney General election,Indylover2010,false,36,enwiki,2024-10-27 04:51:58
1833450005,"Bierzwnik, Myślibórz County",Monkbot,true,1,enwiki,2024-10-27 04:52:20
1833450105,Charles Hallaran,Jevansen,false,37,enwiki,2024-10-27 04:52:43
1833450213,National road 19 (Poland),Monkbot,true,1,enwiki,2024-10-27 04:53:04
1833450306,Madrid–Barajas Airport,Metrosfan,false,-153,enwiki,2024-10-27 04:53:18
1833449918,Garth Brooks discography,Caldorwards4,false,113,enwiki,2024-10-27 04:51:56
1833450106,List of World War II aces from Japan,Naraht,false,-1,enwiki,2024-10-27 04:52:42
1833450212,USS Arizona,Naraht,false,-1,enwiki,2024-10-27 04:53:02
1833450307,User talk:2600:8807:A792:BD00:D639:F276:35CD:DF46,VolatileAnomaly,false,749,enwiki,2024-10-27 04:53:25
1833450009,Rage Racer,JzK,false,60,enwiki,2024-10-27 04:52:21
1833450107,2025 World Rally Championship,Unnamelessness,false,-2,enwiki,2024-10-27 04:52:43
1833450308,2023 Ybor City shooting,Kboonstoppel,false,18,enwiki,2024-10-27 04:53:25
1833450012,Wikipedia:Articles for deletion/George Santos biographical misrepresentations,Jonesey95,false,20,enwiki,2024-10-27 04:52:23
1833450108,Fyang Smith,EdrianJustine,false,-229,enwiki,2024-10-27 04:52:43
1833450014,Languages of Africa,Codename AD,false,4,enwiki,2024-10-27 04:52:17
1833450110,Shirley Hazzard,Themoosek,false,56,enwiki,2024-10-27 04:52:44
1833450311,Doomben Racecourse,Naraht,false,-1,enwiki,2024-10-27 04:53:24
1833450313,"Brooklyn, Wellington",Traumnovelle,false,-549,enwiki,2024-10-27 04:53:22
1833450314,Škoda Rapid (1984),Mr.choppers,false,1129,enwiki,2024-10-27 04:53:25
1833450315,Talk:Conservative Party of British Columbia,PoliticalPoint,false,-5,enwiki,2024-10-27 04:53:24
1833450316,Template:2024 K League 1 table,124.53.150.42,false,0,enwiki,2024-10-27 04:53:27
1833450318,James Nolan (footballer),Robby.is.on,false,-8,enwiki,2024-10-27 04:53:27
1833450319,Charles Hallaran,Jevansen,false,57,enwiki,2024-10-27 04:53:27
1833450401,List of women's footballers with 100 or more international caps,Rklingmann,false,7,enwiki,2024-10-27 04:53:31
1833450403,Stretto,Monkbot,true,1,enwiki,2024-10-27 04:53:46
1833450409,Anton Webern,MONTENSEM,false,0,enwiki,2024-10-27 04:53:39
1833450412,Rudolf Wanderone,Barrettsprivateers,false,453,enwiki,2024-10-27 04:53:47
1833450413,John Farquharson (Jesuit),K1ngstowngalway1,false,-1,enwiki,2024-10-27 04:53:47
1833450414,Ectodomain,Wiiformii,false,37,enwiki,2024-10-27 04:53:48
1833450419,Ioannis Kosti,Monkbot,true,1,enwiki,2024-10-27 04:53:49
1833450512,Must We Get Divorced? (1933 film),Monkbot,true,1,enwiki,2024-10-27 04:54:04
1833450605,User talk:JackOfPanTrades,JackOfPanTrades,false,-60929,enwiki,2024-10-27 04:54:29
1833450712,Ramfis Domínguez-Trujillo,Ramfisdt,false,-3,enwiki,2024-10-27 04:54:53
1833450813,Sergey Glukhov,Monkbot,true,1,enwiki,2024-10-27 04:55:16
1833450916,Mananchaya Sawangkaew,Sashona,false,184,enwiki,2024-10-27 04:55:48
1833451014,"Platava, Kursk Oblast",Monkbot,true,2,enwiki,2024-10-27 04:56:15
1833450514,Mohe Rang De,Adharmasingh,false,-73,enwiki,2024-10-27 04:54:04
1833450606,John Gmeiner,Masibook,false,51,enwiki,2024-10-27 04:54:30
1833450713,Schwarzenburg Castle,Monkbot,true,1,enwiki,2024-10-27 04:54:55
1833450815,Kim Min-seok (politician),Seefooddiet,false,529,enwiki,2024-10-27 04:55:16
1833450917,Auzits,Monkbot,true,1,enwiki,2024-10-27 04:55:48
1833451015,Ernest J. Gaines,Themoosek,false,56,enwiki,2024-10-27 04:56:17
1833450515,Wikipedia:Arbitration/Requests/Case,Homeostasis07,false,2039,enwiki,2024-10-27 04:54:03
1833450609,Govind Nanda,PindoramaBoyy,false,26,enwiki,2024-10-27 04:54:30
1833450900,Mike Gundy,EdmondCA2,false,0,enwiki,2024-10-27 04:55:42
1833450918,Kim Myung-gon,Seefooddiet,false,-20,enwiki,2024-10-27 04:55:49
1833450516,2024 Recife mayoral election,Wiiformii,false,27,enwiki,2024-10-27 04:54:04
1833450610,Scream Bloody Gore,ThePainkiller90,false,282,enwiki,2024-10-27 04:54:30
1833450714,2024 MLS Cup playoffs,Annh07,false,-19,enwiki,2024-10-27 04:54:53
1833450801,User:Krisgabwoosh/Germán Busch 2,Krisgabwoosh,false,304,enwiki,2024-10-27 04:55:10
1833450816,Israel–Hamas war,Achmad Rachmani,false,36,enwiki,2024-10-27 04:55:00
1833450903,Jerick Mckinnon,Red Director,false,20,enwiki,2024-10-27 04:55:45
1833450613,Chopin National Edition,Monkbot,true,1,enwiki,2024-10-27 04:54:31
1833450717,User talk:Jsoufi,Liz,false,2436,enwiki,2024-10-27 04:54:58
1833450802,Results of the 2024 Queensland state election,Baker235,false,522,enwiki,2024-10-27 04:55:12
1833450818,User:Dev Darshan T. K./World Chess Championship 2080,Dev Darshan T. K.,false,78,enwiki,2024-10-27 04:55:20
1833450904,Draft:Southern Sunday Football League,C-editorwiki,false,113,enwiki,2024-10-27 04:55:44
1833450615,Society for the Protection of Underground Networks,Contrawwftw,false,-23,enwiki,2024-10-27 04:54:33
1833450718,Tony Keswick,Naraht,false,-1,enwiki,2024-10-27 04:54:58
1833450819,Horacio Nava,Citation bot,true,18,enwiki,2024-10-27 04:55:18
1833450617,Talk:2022 in Tanzania,JarrahTree,false,55,enwiki,2024-10-27 04:54:34
1833450700,Blue Bloods season 12,65.92.243.197,false,-4,enwiki,2024-10-27 04:54:51
1833450803,Naval Station Pearl Harbor,Naraht,false,-1,enwiki,2024-10-27 04:55:12
1833450908,Pouzdřany,Monkbot,true,1,enwiki,2024-10-27 04:55:44
1833450504,Yandex,Citation bot,true,143,enwiki,2024-10-27 04:53:57
1833450618,Talk:Indus script,AnAbandonedMall,false,255,enwiki,2024-10-27 04:54:34
1833450701,"Saint Blaise Abbey, Black Forest",Monkbot,true,1,enwiki,2024-10-27 04:54:52
1833450804,Wikipedia:WikiProject Military history/Assessment/Requests,Donner60,false,105,enwiki,2024-10-27 04:55:14
1833450909,Kim Min-seok (politician),Seefooddiet,false,0,enwiki,2024-10-27 04:55:44
1833450505,José Pasqualetti,Lepricavark,false,12,enwiki,2024-10-27 04:54:01
1833450600,Michele Baranowicz,Monkbot,true,1,enwiki,2024-10-27 04:54:28
1833450704,User talk:TansoShoshen,MolecularPilot,false,424,enwiki,2024-10-27 04:54:53
1833450805,"Wool Market Square, Bydgoszcz",Monkbot,true,4,enwiki,2024-10-27 04:55:12
1833450911,Japan during World War II,Naraht,false,-1,enwiki,2024-10-27 04:55:45
1833451007,Devin Brooks,HanTsî,false,353,enwiki,2024-10-27 04:56:14
1833450510,Mary Deros,Zadcat,false,-80,enwiki,2024-10-27 04:54:04
1833450604,Social media and psychology,Greenpickle03,false,374,enwiki,2024-10-27 04:54:26
1833450706,List of rivers of Kentucky,Oloddin,false,29,enwiki,2024-10-27 04:54:53
1833450806,Lostwave,71.120.11.132,false,0,enwiki,2024-10-27 04:55:15
1833450912,Jane Smiley,Themoosek,false,56,enwiki,2024-10-27 04:55:47
1833451009,2024 Cuiabá mayoral election,Wiiformii,false,27,enwiki,2024-10-27 04:56:15
1833451200,Wilson Isidor,180.252.161.183,false,0,enwiki,2024-10-27 04:57:13
1833451219,T-Home,2018rebel,false,-5,enwiki,2024-10-27 04:57:23
1833451016,List of tallest structures in the Philippines,IronGargoyle,false,22,enwiki,2024-10-27 04:56:13
1833451106,Marxist cultural analysis,101.115.143.188,false,0,enwiki,2024-10-27 04:56:46
357995300,Reimann,APPERbot,true,5,dewiki,2024-10-27 04:57:11
1833451201,"List of mayors of Chattanooga, Tennessee",184.174.132.253,false,105,enwiki,2024-10-27 04:57:13
1833451304,User:Salmoonlight,Salmoonlight,false,-36,enwiki,2024-10-27 04:57:45
1833451107,Blink-182 discography,188.81.85.148,false,28,enwiki,2024-10-27 04:56:43
1833451203,Kim Sang-hee,Seefooddiet,false,18,enwiki,2024-10-27 04:57:15
1833451305,Blink-182 discography,188.81.85.148,false,3,enwiki,2024-10-27 04:57:42
1833451400,Yenakhmetovo,Monkbot,true,2,enwiki,2024-10-27 04:58:08
1833451109,Gina Berriault,Themoosek,false,56,enwiki,2024-10-27 04:56:48
357995301,Bangert,APPERbot,true,0,dewiki,2024-10-27 04:57:18
1833451307,Aotearoa New Zealand's histories,Nurg,false,-60,enwiki,2024-10-27 04:57:45
357995319,Harzer Tourismusverband,Diopuld,false,272,dewiki,2024-10-27 04:58:00
1833451110,Stathis Tachatos,Monkbot,true,1,enwiki,2024-10-27 04:56:48
1833451208,Wikipedia:Administrator intervention against vandalism/TB2,Daniel Case,false,110,enwiki,2024-10-27 04:57:20
357995302,Chabaud,APPERbot,true,-1,dewiki,2024-10-27 04:57:25
357995309,Jacobsturm (Arnstadt),APPERbot,true,-1,dewiki,2024-10-27 04:57:46
1833451406,2024 Harding Bisons football team,Mes tex,false,0,enwiki,2024-10-27 04:58:08
1833451113,List of reportedly haunted locations in Colombia,Juandavid ph,false,0,enwiki,2024-10-27 04:56:49
1833451207,Carsan,Monkbot,true,1,enwiki,2024-10-27 04:57:17
357995304,Bummerl,KnightMove,false,-1,dewiki,2024-10-27 04:57:31
1833451309,Wikipedia:Village pump (miscellaneous),Jmabel,false,257,enwiki,2024-10-27 04:57:46
1833451407,List of In Living Color sketches,Citation bot,true,22,enwiki,2024-10-27 04:58:10
1833451115,Project HUB,AnomieBOT,true,36,enwiki,2024-10-27 04:56:49
1833451210,Kerkennah Islands,Maias,false,104,enwiki,2024-10-27 04:57:16
1833451314,Bira Kishore Ray,2409:40C0:1044:F2C4:8000:0:0:0,false,0,enwiki,2024-10-27 04:57:46
1833451410,Fieldglass,Stephenamills,false,-25,enwiki,2024-10-27 04:58:11
1833451116,Andrei Alba,Neon Grant,false,0,enwiki,2024-10-27 04:56:49
1833451212,Abraham George,SlackingViceroy,false,33,enwiki,2024-10-27 04:57:19
357995307,Ursula Boos-Nünning,APPERbot,true,-1,dewiki,2024-10-27 04:57:39
1833451315,Itamos,Monkbot,true,1,enwiki,2024-10-27 04:57:47
357995317,Londoner Rundfunk,APPERbot,true,-1,dewiki,2024-10-27 04:57:55
1833451411,Template:Texas Legends roster,Intruder007,false,721,enwiki,2024-10-27 04:58:12
1833451215,2024 Pan Continental Curling Championships,Edwyth,false,21,enwiki,2024-10-27 04:57:15
1833451319,Mary Sue,Sangdeboeuf,false,0,enwiki,2024-10-27 04:57:48
1833451216,Skierniewice Voivodeship,Monkbot,true,1,enwiki,2024-10-27 04:57:21
357995305,Marcella Carollo,APPERbot,true,11,dewiki,2024-10-27 04:57:32
357995308,Portal:Kinder und Jugendliche/Neue Artikel,TaxonBota,true,-39,dewiki,2024-10-27 04:57:41
1833451301,Jan Łomnicki,Monkbot,true,1,enwiki,2024-10-27 04:57:44
1833451506,Po Kya,Hybernator,false,-26,enwiki,2024-10-27 04:58:31
1833451704,User:Globaia,Globaia,false,-42,enwiki,2024-10-27 04:59:24
1833451816,Talk:Strafing (video games),SineBot,true,306,enwiki,2024-10-27 04:59:42
1833451911,Toyota Land Cruiser,190.206.184.242,false,-13,enwiki,2024-10-27 05:00:00
1833452008,Joël Cantona,Lepricavark,false,12,enwiki,2024-10-27 05:00:31
1833451510,Bohurupi,BhikhariInformer,false,238,enwiki,2024-10-27 04:58:29
1833451703,Neil Strauss,Gyejournal,false,61,enwiki,2024-10-27 04:59:22
1833451800,Leo Hjelde,180.252.161.183,false,0,enwiki,2024-10-27 04:59:38
1833451815,"Volobuyevo, Oktyabrsky District, Kursk Oblast",Monkbot,true,2,enwiki,2024-10-27 04:59:42
1833451912,Breaking Away,SME.TX.BX,false,6,enwiki,2024-10-27 05:00:07
1833452014,Pylatkivtsi,Monkbot,true,2,enwiki,2024-10-27 05:00:32
1833451511,Nikos Toskas,Wiiformii,false,62,enwiki,2024-10-27 04:58:31
1833451601,User:Red0ctober22,Red0ctober22,false,26,enwiki,2024-10-27 04:58:54
1833451705,The Bad Guys (film),Mr. Doggy Dog,false,98,enwiki,2024-10-27 04:59:22
1833451801,2024–25 Cruz Azul season,Lf20,false,265,enwiki,2024-10-27 04:59:34
1833451818,Talk:Carlos Pace,Mb2437,false,456,enwiki,2024-10-27 04:59:44
1833451914,Joël Bouchoucha,Lepricavark,false,12,enwiki,2024-10-27 05:00:09
1833452017,Banaba,Salmoonlight,false,-1,enwiki,2024-10-27 05:00:32
1833451516,Polish Socialist Workers Party,Monkbot,true,1,enwiki,2024-10-27 04:58:33
1833451605,2024 Pan Continental Curling Championships,Edwyth,false,16,enwiki,2024-10-27 04:58:49
1833451707,Wikipedia talk:Redirects are costly,Lunamann,false,2052,enwiki,2024-10-27 04:59:23
1833451803,Durga Charan Mohanty,2409:40C0:1044:F2C4:8000:0:0:0,false,0,enwiki,2024-10-27 04:59:38
1833451918,Amarpal Maurya,Citation bot,true,40,enwiki,2024-10-27 05:00:10
1833451607,"Madison, Tennessee",ACase0000,false,8,enwiki,2024-10-27 04:58:55
1833451805,Mikhail Yasnov,Monkbot,true,1,enwiki,2024-10-27 04:59:39
1833451900,Carlos Pace,Mb2437,false,-23,enwiki,2024-10-27 05:00:05
1833451919,W. G. Sebald,Themoosek,false,56,enwiki,2024-10-27 05:00:10
1833451611,Draft:Biggest lawsuit against usa police,Tidergamer789,false,178,enwiki,2024-10-27 04:58:58
1833451711,Haiphong,HuynhTuanVi,false,752,enwiki,2024-10-27 04:59:21
1833451806,List of Late Night with Conan O'Brien sketches,Citation bot,true,939,enwiki,2024-10-27 04:59:38
1833451901,Fieldglass,Stephenamills,false,0,enwiki,2024-10-27 05:00:05
1833451612,Neodrepanis,Monkbot,true,1,enwiki,2024-10-27 04:58:55
1833451715,Legalism (Chinese philosophy),FourLights,false,30,enwiki,2024-10-27 04:59:23
1833451808,Spider-Noir,181.239.18.213,false,8,enwiki,2024-10-27 04:59:38
1833451902,Scream & Shout,Arjoccolenty,false,6,enwiki,2024-10-27 05:00:00
1833452002,Glockner Group,Monkbot,true,1,enwiki,2024-10-27 05:00:29
1833451613,Eleanor of Aquitaine,75.100.79.99,false,258,enwiki,2024-10-27 04:58:46
1833451717,Glitter and Doom Tour,Wiiformii,false,53,enwiki,2024-10-27 04:59:26
1833451811,Alex Fudge,Koolcatz34,false,12,enwiki,2024-10-27 04:59:42
1833452003,Template:AfC statistics/declined,EarwigBot,true,-2774,enwiki,2024-10-27 05:00:28
1833451616,Revolutionary committee (Soviet),Monkbot,true,1,enwiki,2024-10-27 04:58:59
1833451700,Template:2019 Minnesota College Athletic Conference football standings,Thetreesarespeakingtome,false,-4,enwiki,2024-10-27 04:59:23
1833451718,Right Said Fred,84.66.207.67,false,57,enwiki,2024-10-27 04:59:25
1833451813,Talk:List of Indian massacres in North America,Brusquedandelion,false,0,enwiki,2024-10-27 04:59:40
1833451910,User:DatBot/pendingbacklog,DatBot,true,0,enwiki,2024-10-27 05:00:09
1833452004,Wikipedia:Administrator intervention against vandalism/TB2,HBC AIV helperbot14,true,2,enwiki,2024-10-27 05:00:31
1833451505,"Jerusalem Avenue, Warsaw",Monkbot,true,1,enwiki,2024-10-27 04:58:30
1833451701,Kim Soo-young (politician),Seefooddiet,false,67,enwiki,2024-10-27 04:59:22
1833451814,Unity of Fields,ClintsWayne,false,-30,enwiki,2024-10-27 04:59:42
1833451908,Šent Jurij,Monkbot,true,2,enwiki,2024-10-27 05:00:07
1833452005,Template:AfC statistics/pending,EarwigBot,true,-5,enwiki,2024-10-27 05:00:18
1833452115,Bound for Glory (2024),Vjmlhds,false,2,enwiki,2024-10-27 05:01:01
1833452218,User talk:2600:8807:A792:BD00:D639:F276:35CD:DF46,2600:8807:A792:BD00:D639:F276:35CD:DF46,false,21,enwiki,2024-10-27 05:01:31
1833452313,Les Misérables (musical),Mediatech492,false,-20,enwiki,2024-10-27 05:01:49
1833452402,Wikipedia:Administrator intervention against vandalism,Daniel Case,false,-548,enwiki,2024-10-27 05:02:17
1833452200,National Democracy (Belgium),Randy Kryn,false,0,enwiki,2024-10-27 05:01:25
1833452219,Działdowo County,Monkbot,true,1,enwiki,2024-10-27 05:01:30
1833452314,ATLiens,Cahlin29,false,90,enwiki,2024-10-27 05:01:53
1833452403,Albanians in Austria,2A02:AA12:E200:8A80:3517:B65A:811F:551B,false,584,enwiki,2024-10-27 05:02:17
1833452201,Seunghan,RachelTensions,false,43,enwiki,2024-10-27 05:01:26
1833452300,Greg Ouellette,Citation bot,true,-1,enwiki,2024-10-27 05:01:49
1833452315,Leonardo Pais,Citation bot,true,-12,enwiki,2024-10-27 05:01:55
1833452414,Joël Müller,Lepricavark,false,12,enwiki,2024-10-27 05:02:17
1833452206,Cathedral of Our Lady (Antwerp),Johnbod,false,2,enwiki,2024-10-27 05:01:26
1833452301,June,LunaEatsTuna,false,0,enwiki,2024-10-27 05:01:47
1833452317,Philippine long-tailed macaque,203.189.116.170,false,13,enwiki,2024-10-27 05:01:53
1833452415,Dinos Ballis,Monkbot,true,1,enwiki,2024-10-27 05:02:18
1833452211,Escurès,Monkbot,true,1,enwiki,2024-10-27 05:01:26
1833452306,Bokalce Castle,Monkbot,true,2,enwiki,2024-10-27 05:01:51
1833452318,Inga Abitova,Monkbot,true,1,enwiki,2024-10-27 05:01:54
1833452417,2024 WTA 125 tournaments,0add0n,false,9,enwiki,2024-10-27 05:02:15
1833452210,Old English phonology,Urszag,false,1001,enwiki,2024-10-27 05:01:24
1833452307,Joël Kiki N'Gako,Lepricavark,false,12,enwiki,2024-10-27 05:01:52
1833452418,User talk:JuanTonSoup,Bridget,false,2322,enwiki,2024-10-27 05:02:19
1833452100,Wang Yihan (figure skater),Rainbowed-Sunned-Spirit,false,4,enwiki,2024-10-27 05:00:59
1833452212,White-billed starling,ThaesOfereode,false,-1,enwiki,2024-10-27 05:01:28
1833452308,Sergio Migliaccio,CodeMars04,false,-123,enwiki,2024-10-27 05:01:51
1833452419,2024 Michigan State Spartans football team,2601:80:CC01:DA00:C57E:BCB2:FB70:E3D3,false,0,enwiki,2024-10-27 05:02:16
1833452101,Saint-Maurice-d'Ibie,Monkbot,true,1,enwiki,2024-10-27 05:00:58
1833452214,Kalyanaraman (2002 film),AADITH KRISHNA,false,11,enwiki,2024-10-27 05:01:28
1833452213,M3GAN 2,Duckmather,false,-58,enwiki,2024-10-27 05:01:27
1833452309,Wikipedia:Featured topic removal candidates/You Can Dance/archive1,Aza24,false,280,enwiki,2024-10-27 05:01:53
1833452400,Template:Boyacá Chicó squad,CodeMars04,false,-22,enwiki,2024-10-27 05:02:17
1833452104,Woodside Energy,Softpillow3,false,2029,enwiki,2024-10-27 05:00:59
1833452217,Marilynne Robinson,Themoosek,false,56,enwiki,2024-10-27 05:01:28
1833452311,"Mirjalol Kasimov (footballer, born 1995)",Neon Grant,false,0,enwiki,2024-10-27 05:01:53
1833452401,Talk:Generation X/Archive index,Legobot,true,0,enwiki,2024-10-27 05:02:17
1833452707,Tsukihime,XRozuRozu,false,1,enwiki,2024-10-27 05:03:26
1833452811,13th Hussars,Cjrother,false,4,enwiki,2024-10-27 05:03:46
1833452912,M82 X-1,Loooke,false,-32,enwiki,2024-10-27 05:04:11
1833453012,Emin Garibov,Monkbot,true,2,enwiki,2024-10-27 05:04:35
1833453109,Talk:Helena Blavatsky,MagicatthemovieS,false,146,enwiki,2024-10-27 05:05:04
1833452600,Talk:List of Mayday episodes/Archive index,Legobot,true,0,enwiki,2024-10-27 05:03:07
1833452708,User talk:Jattlife121,Jattlife121,false,404,enwiki,2024-10-27 05:03:28
1833452801,File:Mahd Sports Academy Logo.svg,JJMC89 bot,true,52,enwiki,2024-10-27 05:03:45
1833452813,User:MacronMonitor/Alerts,MacronMonitor,false,246,enwiki,2024-10-27 05:03:46
1833452913,Richie Evans,Kyle4344,false,27,enwiki,2024-10-27 05:04:11
1833453016,User talk:Wigbold,KiranBOT,true,1509,enwiki,2024-10-27 05:04:37
1833453113,Talk:History of Africa,NutmegCoffeeTea,false,148,enwiki,2024-10-27 05:05:06
1833452602,Jindřichov (Šumperk District),Monkbot,true,1,enwiki,2024-10-27 05:03:07
1833452711,File:CIArb Logo.png,Wiiformii,false,75,enwiki,2024-10-27 05:03:29
1833452802,2024–25 Malaysia A1 Semi-Pro League,FM Malaysia,false,325,enwiki,2024-10-27 05:03:38
1833452814,Barbaricum,Monkbot,true,1,enwiki,2024-10-27 05:03:47
357995404,Benutzer:Gbuvn/Sichtertabelle,FNBot,true,19,dewiki,2024-10-27 05:03:53
1833452914,Talk:Roger Federer/Archive index,Legobot,true,63,enwiki,2024-10-27 05:04:11
1833453001,Albertas Goštautas,Monkbot,true,2,enwiki,2024-10-27 05:04:32
1833453017,Culture of Italy,JacktheBrown,false,-85,enwiki,2024-10-27 05:04:29
357995410,Emil Hermann Hartwich,GT1976,false,-27,dewiki,2024-10-27 05:04:49
1833453114,Tekka (film),BhikhariInformer,false,-1133,enwiki,2024-10-27 05:05:07
1833452500,Rajpurohit,2409:40D4:2006:9F21:CCED:F5D2:E889:A43C,false,12779,enwiki,2024-10-27 05:02:41
1833452609,TDECU Stadium,TNNSUH,false,0,enwiki,2024-10-27 05:03:09
357995400,Wikipedia:Hauptseite/Aktuelles,LennBr,false,-9,dewiki,2024-10-27 05:03:42
1833452803,SWIFT J1756.9−2508,Loooke,false,53,enwiki,2024-10-27 05:03:45
1833452817,East Tāmaki Heights,Traumnovelle,false,-693,enwiki,2024-10-27 05:03:48
1833452916,Talk:Thermal radiation,76.30.103.137,false,10,enwiki,2024-10-27 05:04:12
1833453000,Pneumococcal vaccine,Whywhenwhohow,false,50,enwiki,2024-10-27 05:04:32
1833453019,Baddies (TV series),134.154.46.78,false,2,enwiki,2024-10-27 05:04:34
1833453115,Module:Israeli-Palestinian conflict detailed map,President Loki,false,-2,enwiki,2024-10-27 05:05:09
1833452506,Cady Noland,19h00s,false,10,enwiki,2024-10-27 05:02:40
1833452610,Joël Wakanumuné,Lepricavark,false,12,enwiki,2024-10-27 05:03:10
1833452804,Canefield Airport,DOMDCF,false,-383,enwiki,2024-10-27 05:03:44
1833452901,Clarence Chesterfield Howerton,Citation bot,true,37,enwiki,2024-10-27 05:04:07
1833452917,Bae Doona,Dantus21,false,-1,enwiki,2024-10-27 05:04:06
1833453004,User talk:NiklasThomas313x/Gun Control Act of 1968/Paceweld Peer Review,Paceweld,false,-77,enwiki,2024-10-27 05:04:35
357995409,UPD,Bosta,false,-150,dewiki,2024-10-27 05:04:45
1833453118,Różewiec,Monkbot,true,1,enwiki,2024-10-27 05:05:08
1833452509,Ferrals-les-Montagnes,Monkbot,true,1,enwiki,2024-10-27 05:02:42
1833452613,User:Bduke,Bduke,false,34,enwiki,2024-10-27 05:02:59
1833452805,Protests against the Russian invasion of Ukraine,Monkbot,true,1,enwiki,2024-10-27 05:03:37
357995403,Benutzer:Wikinger08/Sichtertabelle,FNBot,true,0,dewiki,2024-10-27 05:03:50
1833452903,Swiss Miss (film),146.199.175.92,false,-8,enwiki,2024-10-27 05:04:08
357995408,Hossein Ali Beg Bayat,Wang Chong,false,0,dewiki,2024-10-27 05:04:35
1833452514,Catalina Peláez,Citation bot,true,-2,enwiki,2024-10-27 05:02:44
1833452616,Sergey Volkov (cosmonaut),Monkbot,true,1,enwiki,2024-10-27 05:03:11
1833452701,User talk:Rogerd,Rogerd,false,106,enwiki,2024-10-27 05:03:28
357995401,Benutzer:Sänger/Sichtertabelle,FNBot,true,0,dewiki,2024-10-27 05:03:47
1833452905,File:RoboCop- Prime Directives (logo).svg,JJMC89 bot,true,52,enwiki,2024-10-27 05:04:10
1833453005,Molkki,Adharmasingh,false,-54,enwiki,2024-10-27 05:04:34
1833453105,User:NiklasThomas313x/Gun Control Act of 1968/Paceweld Peer Review,Paceweld,false,-1465,enwiki,2024-10-27 05:05:06
1833452617,"Marchwiel, New Zealand",Traumnovelle,false,-178,enwiki,2024-10-27 05:03:11
1833452704,Borzinsky District,Monkbot,true,1,enwiki,2024-10-27 05:03:27
357995402,Benutzer:Drekamu/Wartung/Ur- und Frühgeschichte,TaxonBota,true,-51,dewiki,2024-10-27 05:03:42
1833452906,Transjakarta Corridor 1,RasyaAbhirama13,false,129,enwiki,2024-10-27 05:04:06
1833453006,1916 Missouri Attorney General election,Indylover2010,false,51,enwiki,2024-10-27 05:04:34
357995413,Benutzer:Wartungsstube/Dänemark,TaxonBota,true,-4,dewiki,2024-10-27 05:04:51
1833453106,Mananchaya Sawangkaew,Sashona,false,205,enwiki,2024-10-27 05:05:04
1833452705,Prefectures of Japan,Seefooddiet,false,-109,enwiki,2024-10-27 05:03:23
1833452810,Hilary Mantel,Themoosek,false,56,enwiki,2024-10-27 05:03:44
1833452908,List of University of Minnesota people,76.32.209.159,false,181,enwiki,2024-10-27 05:04:05
1833453010,Knuckles the Echidna,AnomieBOT,true,18,enwiki,2024-10-27 05:04:32
1833453107,County of Rantzau,Monkbot,true,1,enwiki,2024-10-27 05:05:05
1833452706,Judicaël Crillon,Lepricavark,false,12,enwiki,2024-10-27 05:03:28
1833452812,Ninja Turf,2600:1014:B087:1669:C393:E37E:540:32B9,false,41,enwiki,2024-10-27 05:03:46
1833452909,"Juillac, Gers",Monkbot,true,1,enwiki,2024-10-27 05:04:09
1833453009,Template talk:Infobox person,HTGS,false,623,enwiki,2024-10-27 05:04:33
1833453108,Circular Quay railway station,GMB205,false,13,enwiki,2024-10-27 05:05:05
1833453119,Draft:Islampidia,Rayhanpopi,false,340,enwiki,2024-10-27 05:05:09
1833453412,Tharma Pillai,Ceyockey,false,-665,enwiki,2024-10-27 05:06:23
1833453504,Addison (restaurant),76.88.55.135,false,0,enwiki,2024-10-27 05:06:51
1833453614,Maków Beskids,Monkbot,true,2,enwiki,2024-10-27 05:07:20
1833453301,Talk:Eddie Izzard,LesbianTiamat,false,620,enwiki,2024-10-27 05:05:56
1833453415,2024–25 Nepal Premier League,2400:1A00:BD11:D32B:B9B0:F817:253A:811F,false,12,enwiki,2024-10-27 05:06:22
1833453505,Gavarret-sur-Aulouste,Monkbot,true,1,enwiki,2024-10-27 05:06:49
1833453615,Battle of Chaeronea (86 BC),T8612,false,-4,enwiki,2024-10-27 05:07:18
1833453306,Rinky Hijikata,PindoramaBoyy,false,-19,enwiki,2024-10-27 05:05:57
1833453416,Rafał Bruski,Monkbot,true,1,enwiki,2024-10-27 05:06:24
1833453509,Jacob Rutsen Hardenbergh,SaintPaulOfTarsus,false,5,enwiki,2024-10-27 05:06:52
357995416,Benutzer:Methodios/Sichtertabelle,FNBot,true,19,dewiki,2024-10-27 05:05:13
1833453200,Jules Iloki,Lepricavark,false,12,enwiki,2024-10-27 05:05:30
1833453307,Druzhinino (urban locality),Monkbot,true,1,enwiki,2024-10-27 05:05:59
1833453418,Toyota Land Cruiser,190.206.184.242,false,-14,enwiki,2024-10-27 05:06:18
1833453511,Spud Murphy,ThaesOfereode,false,14,enwiki,2024-10-27 05:06:53
1833453201,James Franklin (American football coach),74.109.208.253,false,-10,enwiki,2024-10-27 05:05:30
1833453312,Missulena terra,Mediocre.marsupial,false,23,enwiki,2024-10-27 05:06:02
1833453419,Jethro Pugh,Leeapp,false,492,enwiki,2024-10-27 05:06:24
1833453512,Miyu Takeuchi,Lullabying,false,261,enwiki,2024-10-27 05:06:52
357995419,Benutzer:Werner von Basil/Sichtertabelle,FNBot,true,19,dewiki,2024-10-27 05:05:28
1833453206,Vincentava,Monkbot,true,2,enwiki,2024-10-27 05:05:32
1833453313,13 (musical),2603:7000:9600:68EC:C067:EF30:E6ED:380F,false,-24,enwiki,2024-10-27 05:06:02
1833453513,Camouflage (1977 film),Monkbot,true,1,enwiki,2024-10-27 05:06:53
1833453603,Mette,Hyphen-adder,false,38,enwiki,2024-10-27 05:07:18
357995418,Hossein Ali Beg Bayat,Wang Chong,false,-1,dewiki,2024-10-27 05:05:15
1833453210,Wikipedia:Administrator intervention against vandalism,Daniel Case,false,-353,enwiki,2024-10-27 05:05:34
1833453315,Markopoulo,Monkbot,true,1,enwiki,2024-10-27 05:06:03
1833453515,Dental amalgam controversy,Quebec99,false,35,enwiki,2024-10-27 05:06:52
1833453604,"Khomutovka, Republic of Bashkortostan",Monkbot,true,1,enwiki,2024-10-27 05:07:17
1833453212,Mananchaya Sawangkaew,Sashona,false,5,enwiki,2024-10-27 05:05:33
1833453400,"Geologorazvedka, Republic of Bashkortostan",Monkbot,true,1,enwiki,2024-10-27 05:06:21
1833453518,List of Marvel Comics characters: L,OilSlick96,false,31,enwiki,2024-10-27 05:06:51
1833453608,Bryan Station Stakes,Brudder Andrusha,false,4,enwiki,2024-10-27 05:07:18
1833453214,Wikipedia:Requested moves/Technical requests/Permalink,Bot1058,true,0,enwiki,2024-10-27 05:05:36
1833453317,1916 Missouri Attorney General election,Indylover2010,false,38,enwiki,2024-10-27 05:06:02
1833453401,Ashot Avedyan,ThaesOfereode,false,116,enwiki,2024-10-27 05:06:21
1833453501,Bryan Station Stakes,Brudder Andrusha,false,518,enwiki,2024-10-27 05:06:51
1833453611,User:Uneverstop learning/vector-2022.css,Uneverstop learning,false,-32,enwiki,2024-10-27 05:07:20
1833453318,Ronel Blanco,Red Director,false,24,enwiki,2024-10-27 05:06:02
1833453405,User talk:Omg20070524,Omg20070524,false,483,enwiki,2024-10-27 05:06:24
1833453503,"List of members of the Hellenic Parliament, 2007–2009",Randy Kryn,false,0,enwiki,2024-10-27 05:06:48
1833453612,James Madison Memorial Fellowship Foundation,Alexander Bonaparte Caesar,false,-643,enwiki,2024-10-27 05:07:19
1833453703,Fredis Beleris,62.74.24.174,false,-15,enwiki,2024-10-27 05:07:43
1833453804,Stephan Dorfmeister,WQUlrich,false,-3,enwiki,2024-10-27 05:08:07
1833453816,S. Clay Wilson,Ornithikos,false,-22,enwiki,2024-10-27 05:08:07
1833453913,User:Kalathei95/sandbox/List of F1 Drivers/F1 driver record template/977 Rixopolis Grand Prix,Kalathei95,false,4,enwiki,2024-10-27 05:08:29
1833454004,Talk:Social democracy/Archive index,Legobot,true,92,enwiki,2024-10-27 05:08:55
1833453704,The Way I Talk,98.156.112.240,false,54,enwiki,2024-10-27 05:07:44
1833453805,Literature of Kashmir,Jay8g,false,-23,enwiki,2024-10-27 05:08:05
1833453914,Chester Hill railway station,GMB205,false,39,enwiki,2024-10-27 05:08:27
1833454003,User:Ltaylor79/Comprehensive Crime Control Act of 1984,Ltaylor79,false,-2,enwiki,2024-10-27 05:08:55
1833453809,Talk:Eddie Izzard,LesbianTiamat,false,279,enwiki,2024-10-27 05:08:04
1833454007,Talk:LGBTQ history in Vermont,Demt1298,false,5,enwiki,2024-10-27 05:08:56
1833453711,Forrest Whitley,Red Director,false,24,enwiki,2024-10-27 05:07:45
1833453808,Category:Afghan academics,Smasongarrison,false,-99,enwiki,2024-10-27 05:08:07
1833453916,Berdishchevo,Monkbot,true,1,enwiki,2024-10-27 05:08:29
1833453712,Cystiphora sonchi,Friesen5000,false,-689,enwiki,2024-10-27 05:07:45
1833453810,Mukti Bandhan,Adharmasingh,false,-9,enwiki,2024-10-27 05:08:07
1833453917,Talk:Domestic violence/Archive index,Legobot,true,0,enwiki,2024-10-27 05:08:30
1833454010,Unity Tower,Monkbot,true,2,enwiki,2024-10-27 05:08:55
1833453714,TOI-1227 b,Loooke,false,40,enwiki,2024-10-27 05:07:46
1833453812,2021 Kabul airlift,RopeTricks,false,2,enwiki,2024-10-27 05:08:03
1833453919,User:Zanjar Records,Zanjar Records,false,-3500,enwiki,2024-10-27 05:08:31
1833454000,"Krasnomaysky, Tver Oblast",Monkbot,true,1,enwiki,2024-10-27 05:08:51
1833454011,Mukti Bandhan,Adharmasingh,false,-17,enwiki,2024-10-27 05:08:57
1833453715,United States women's national under-17 soccer team,Stevencocoboy,false,-267,enwiki,2024-10-27 05:07:42
1833453814,Margareta of Rawa,209.6.9.113,false,726,enwiki,2024-10-27 05:08:07
1833454001,Kaleb Ort,Red Director,false,45,enwiki,2024-10-27 05:08:53
1833454012,Do Patti,Ustadeditor2011,false,274,enwiki,2024-10-27 05:08:56
1833453716,Wikipedia:Administrator intervention against vandalism,Daniel Case,false,109,enwiki,2024-10-27 05:07:45
1833453803,United States women's national under-17 soccer team,Stevencocoboy,false,480,enwiki,2024-10-27 05:08:03
1833453906,2024 Spokane Velocity FC season,Logan Z Man 2022!,false,317,enwiki,2024-10-27 05:08:22
1833454013,Bounding volume hierarchy,ThothOfTheSouth,false,1880,enwiki,2024-10-27 05:08:57
1833453802,Jules Zvunka,Lepricavark,false,-61,enwiki,2024-10-27 05:08:04
1833453817,Talk:Sharpness (disambiguation),BD2412,false,380,enwiki,2024-10-27 05:08:09
1833453909,Talk:Hurricane Milton,Jasper Deng,false,842,enwiki,2024-10-27 05:08:25
1833454002,Talk:State of Palestine,ApexParagon,false,722,enwiki,2024-10-27 05:08:48
1833454018,Midland Railway 480 Class,Sammi Brie,false,75,enwiki,2024-10-27 05:08:56
1833453700,Anthimus of Nicomedia,Monkbot,true,1,enwiki,2024-10-27 05:07:44
1833453807,Talk:Gun show loophole/Archive index,Legobot,true,0,enwiki,2024-10-27 05:08:07
1833453815,Those Three French Girls,Stonehedge315,false,5,enwiki,2024-10-27 05:08:08
1833453910,Mortemart,Monkbot,true,1,enwiki,2024-10-27 05:08:25
