1833392111,New Chitose Airport,Sky258,false,40,enwiki,2024-10-27 02:55:22
1833392211,Elmalıya Yangınım,JJMC89 bot III,true,12,enwiki,2024-10-27 02:55:37
1833392406,Farewell to Nova Scotia,JJMC89 bot III,true,12,enwiki,2024-10-27 02:55:59
1833392619,Rafael Espinoza,Citation bot,true,46,enwiki,2024-10-27 02:56:24
1833392816,The Girl from Dabancheng,JJMC89 bot III,true,12,enwiki,2024-10-27 02:56:46
1833392900,User:Marchije/sandbox,Marchije,false,192,enwiki,2024-10-27 02:56:59
1833393110,Gospel Plow,JJMC89 bot III,true,12,enwiki,2024-10-27 02:57:24
1833393202,Savvas Topalidis,Monkbot,true,1,enwiki,2024-10-27 02:57:35
1833393618,Bound for Glory (2024),DepressedPer,false,35,enwiki,2024-10-27 02:58:27
1833393700,Field Cathedral of the Polish Army,Monkbot,true,1,enwiki,2024-10-27 02:58:35
1833393919,Tim Keller (politician),71.191.135.50,false,3,enwiki,2024-10-27 02:59:08
1833394011,Bound for Glory (2024),DepressedPer,false,21,enwiki,2024-10-27 02:59:22
1833394110,John the Revelator (folk/blues song),JJMC89 bot III,true,12,enwiki,2024-10-27 02:59:33
1833394419,Wikipedia:WikiProject Visual arts/Vital articles,JL-Bot,true,-2758,enwiki,2024-10-27 03:00:04
1833394814,Wikipedia:WikiProject Washington/Featured content,JL-Bot,true,61,enwiki,2024-10-27 03:00:25
1833392115,"Ein Mann, der sich Kolumbus nannt",JJMC89 bot III,true,12,enwiki,2024-10-27 02:55:25
1833392214,Wikipedia:Wiki Ed/LSU/HNRS 2000Critical Analysis and Social Responsibility (Fall),Thinking Tiger,false,32,enwiki,2024-10-27 02:55:38
1833392408,List of Bengali films of 2024,103.170.182.159,false,0,enwiki,2024-10-27 02:55:56
1833392501,Gousse,Monkbot,true,1,enwiki,2024-10-27 02:56:10
1833392617,"Frédéric Chopin Monument, Warsaw",Monkbot,true,1,enwiki,2024-10-27 02:56:24
1833392905,Category:Polycentridae,Trilletrollet,false,1,enwiki,2024-10-27 02:56:59
1833393109,Béla Széchenyi,Darwinek,false,246,enwiki,2024-10-27 02:57:25
1833393205,Talk:2009 Macanese legislative election,RoundSquare,false,20,enwiki,2024-10-27 02:57:37
1833393619,1928 Ohio gubernatorial election,Indylover2010,false,51,enwiki,2024-10-27 02:58:25
1833393702,"Boling-Iago, Texas",Patapsco913,false,24,enwiki,2024-10-27 02:58:36
1833394109,Saint Basil's Cathedral,211.30.181.136,false,34,enwiki,2024-10-27 02:59:28
1833394418,Robert Smith (musician),Rodericksilly,false,0,enwiki,2024-10-27 03:00:03
1833394813,Wikipedia talk:Administrator recall,Voorts,false,311,enwiki,2024-10-27 03:00:32
357993610,Achterbahn (2018),Frank C. Müller,false,7,dewiki,2024-10-27 02:55:25
1833392213,Fort Moore,Swatjester,false,-76,enwiki,2024-10-27 02:55:36
357993614,Benutzer:Diopuld/Artikelentwurf,Diopuld,false,-7,dewiki,2024-10-27 02:56:02
1833392500,List of tallest structures in the Philippines,IronGargoyle,false,27,enwiki,2024-10-27 02:56:07
1833392703,Polish League Against Defamation,Monkbot,true,1,enwiki,2024-10-27 02:56:33
1833392911,First Cymru,Crib.goch91,false,140,enwiki,2024-10-27 02:56:59
1833393208,Unicomp,Xose.vazquez,false,16,enwiki,2024-10-27 02:57:37
1833393703,Höga berg och djupa dalar,JJMC89 bot III,true,12,enwiki,2024-10-27 02:58:37
1833394014,Treatment of human lice,LR.127,false,27,enwiki,2024-10-27 02:59:21
1833394113,Talk:Flash boiler,OpalYosutebito,false,9,enwiki,2024-10-27 02:59:34
1833394817,User:WP 1.0 bot/Tables/Project/Abortion,WP 1.0 bot,true,0,enwiki,2024-10-27 03:00:33
1833392119,A Sensible Life,Airproofing,false,-3,enwiki,2024-10-27 02:55:26
1833392418,1926 Ohio gubernatorial election,Indylover2010,false,28,enwiki,2024-10-27 02:56:00
1833392507,2024 Texas Longhorns football team,Nwelkeryhbvg,false,1,enwiki,2024-10-27 02:56:05
1833392709,1997 in British television,Tassedethe,false,19,enwiki,2024-10-27 02:56:32
1833392914,Robert Crichton (rugby union),Jevansen,false,12,enwiki,2024-10-27 02:57:00
1833393118,C202,JJMC89 bot,true,-50,enwiki,2024-10-27 02:57:25
1833393207,Hamidian era,Sesel,false,-12,enwiki,2024-10-27 02:57:38
1833393302,Wikipedia:Good articles/GAN Backlog Drives/October 2024,Voorts,false,0,enwiki,2024-10-27 02:57:39
1833393706,John Celivergos Zachos,Rublamb,false,20,enwiki,2024-10-27 02:58:35
1833393811,Hugh Spencer's Feats in France,JJMC89 bot III,true,12,enwiki,2024-10-27 02:58:53
1833393903,I Wish I Was a Mole in the Ground,JJMC89 bot III,true,12,enwiki,2024-10-27 02:59:07
1833394016,"Menlo, Iowa",Jjstrawman1,false,-20,enwiki,2024-10-27 02:59:21
1833394114,Template:2024 in mixed martial arts,A.lanzetta,false,-5,enwiki,2024-10-27 02:59:34
1833394502,Template:POTD/2024-09-26,AnomieBOT III,true,-107,enwiki,2024-10-27 03:00:12
1833394818,London Bridge Is Falling Down,JJMC89 bot III,true,12,enwiki,2024-10-27 03:00:31
1833392302,1926 Ohio gubernatorial election,Indylover2010,false,34,enwiki,2024-10-27 02:55:47
1833392419,The Farmer in the Dell,JJMC89 bot III,true,12,enwiki,2024-10-27 02:56:01
1833392509,Five Little Monkeys,JJMC89 bot III,true,12,enwiki,2024-10-27 02:56:13
1833392601,Bregenz Forest,Monkbot,true,1,enwiki,2024-10-27 02:56:21
1833392712,"Talk:Summerhill, Wrexham",DankJae,false,1102,enwiki,2024-10-27 02:56:35
1833392916,Gloryland (FIFA World Cup),JJMC89 bot III,true,12,enwiki,2024-10-27 02:57:00
1833393119,Shiphay,Broooooooook,false,1513,enwiki,2024-10-27 02:57:26
1833393209,Coaster (rail service),2601:1C0:5001:B6B0:30EE:68F:8E58:98D2,false,64,enwiki,2024-10-27 02:57:33
1833393309,Bound for Glory (2024),I Am Awesome 061796,false,12,enwiki,2024-10-27 02:57:47
1833393501,100 Years (film),2601:195:C500:FA00:8436:A81C:A3FC:E16,false,0,enwiki,2024-10-27 02:58:14
1833393814,Draft:Morse Moose and the Grey Goose,Newtatoryd222,false,-325,enwiki,2024-10-27 02:58:53
1833393902,Northeastern Huskies men's soccer,Ehginc,false,3,enwiki,2024-10-27 02:59:06
1833394503,Costas Georgiou,92.40.199.186,false,-51,enwiki,2024-10-27 03:00:08
1833392201,Elmaların yongası,JJMC89 bot III,true,12,enwiki,2024-10-27 02:55:35
1833392303,Wikipedia:WikiProject Veterinary medicine/Recognized content,JL-Bot,true,75,enwiki,2024-10-27 02:55:49
357993617,Pfauenziege,Perchtinger,false,27,dewiki,2024-10-27 02:56:09
1833392510,Wikipedia:Manual of Style/Linking,Seefooddiet,false,16,enwiki,2024-10-27 02:56:11
1833392602,Frère Jacques,JJMC89 bot III,true,12,enwiki,2024-10-27 02:56:22
1833392714,Khirbet Ghazaleh,Huldra,false,47,enwiki,2024-10-27 02:56:35
1833392801,User:Novem Linguae/Scripts/GANReviewTool/GANReviewLog,Sammi Brie,false,144,enwiki,2024-10-27 02:56:37
1833392917,National Arboretum Canberra,Fork99,false,-600,enwiki,2024-10-27 02:56:59
1833393003,God Moves on the Water,JJMC89 bot III,true,12,enwiki,2024-10-27 02:57:12
1833393212,The Great Silkie of Sule Skerry,JJMC89 bot III,true,12,enwiki,2024-10-27 02:57:36
1833393310,Dina Mired,Foetaldiner,false,78,enwiki,2024-10-27 02:57:48
1833393408,"Hark, Hark! The Dogs Do Bark",JJMC89 bot III,true,12,enwiki,2024-10-27 02:58:00
1833393502,Herr Holger,JJMC89 bot III,true,12,enwiki,2024-10-27 02:58:14
1833393606,Christopher Eccleston,Binksternet,false,-3,enwiki,2024-10-27 02:58:20
1833393717,Derry Senior Hurling Championship,41.221.198.117,false,2,enwiki,2024-10-27 02:58:37
1833393816,Lutgard of Salzwedel,Monkbot,true,1,enwiki,2024-10-27 02:58:53
1833393907,Time in Spain,87.11.151.166,false,-9,enwiki,2024-10-27 02:59:07
1833394504,The Life and Death of the Famous Thomas Stukely,JJMC89 bot III,true,12,enwiki,2024-10-27 03:00:11
1833392100,La Calmette,Monkbot,true,1,enwiki,2024-10-27 02:55:21
1833392203,Kastolatsi,Monkbot,true,1,enwiki,2024-10-27 02:55:35
1833392304,1981 Golbaf earthquake,Dawnseeker2000,false,-27,enwiki,2024-10-27 02:55:48
1833392603,Lebanese Arabic,70.83.137.110,false,-8,enwiki,2024-10-27 02:56:21
1833392715,The Galway Races (song),JJMC89 bot III,true,12,enwiki,2024-10-27 02:56:36
1833392803,Khmer people,TansoShoshen,false,-11,enwiki,2024-10-27 02:56:39
1833392919,Han Wha-jin,Seefooddiet,false,-14,enwiki,2024-10-27 02:57:00
1833393008,Theatre of Tragedy (album),Binksternet,false,-18,enwiki,2024-10-27 02:57:12
1833393101,Indus Battle Royale,2409:40E5:126:9CCC:E103:EB8D:1E4A:B7D4,false,6,enwiki,2024-10-27 02:57:23
1833393314,Charles Guiteau (song),JJMC89 bot III,true,12,enwiki,2024-10-27 02:57:48
1833393411,Hong Moon-jong,Seefooddiet,false,22,enwiki,2024-10-27 02:58:01
1833393506,Robert Crichton (rugby union),Jevansen,false,31,enwiki,2024-10-27 02:58:14
1833393610,Tim Keller (politician),71.191.135.50,false,6,enwiki,2024-10-27 02:58:25
1833393915,"User:Discographer/Billboard Hot 100 – top-ten singles, 2020–2050",Discographer,false,0,enwiki,2024-10-27 02:59:04
1833394003,Aramatle-qo,97.116.160.235,false,-46,enwiki,2024-10-27 02:59:21
1833394208,Vumba massacre,LR.127,false,61,enwiki,2024-10-27 02:59:44
1833394303,Ruslan Gurbanov,Monkbot,true,2,enwiki,2024-10-27 02:59:55
1833394403,The Lark in the Morning,JJMC89 bot III,true,12,enwiki,2024-10-27 03:00:03
1833394507,Joyce Selznick,LR.127,false,65,enwiki,2024-10-27 03:00:10
1833394702,User talk:92.236.88.214,BD2412,false,-7320,enwiki,2024-10-27 03:00:23
1833392101,Talk:Fleetmatics,OpalYosutebito,false,8,enwiki,2024-10-27 02:55:24
1833392204,1926 Ohio gubernatorial election,Indylover2010,false,27,enwiki,2024-10-27 02:55:35
1833392306,Talk:IPhone X,2603:7000:B800:F04:B104:7009:CD9F:5C75,false,0,enwiki,2024-10-27 02:55:47
1833392606,Brent W. Jeffs,LR.127,false,38,enwiki,2024-10-27 02:56:23
1833392807,Wetware computer,CountFlanders,false,4,enwiki,2024-10-27 02:56:44
1833393009,Industrial Light & Magic,190.201.157.28,false,239,enwiki,2024-10-27 02:57:03
1833393104,User talk:2A02:C7C:E662:7B00:341E:F1B9:E87A:4D7C,Pickersgill-Cunliffe,false,1264,enwiki,2024-10-27 02:57:25
1833393316,Annie Parkhouse,Rynb99,false,48,enwiki,2024-10-27 02:57:49
1833393416,Haste to the Wedding (jig),JJMC89 bot III,true,12,enwiki,2024-10-27 02:58:02
1833393505,Rickrolling,GreenC,false,150,enwiki,2024-10-27 02:58:13
1833393611,1938–39 Maltese FA Trophy,JJMC89 bot,true,-51,enwiki,2024-10-27 02:58:25
1833393917,Lalo Fernández,Citation bot,true,-2,enwiki,2024-10-27 02:59:09
1833394004,Anduze,Monkbot,true,1,enwiki,2024-10-27 02:59:19
1833394105,Anastasios Meletidis,Monkbot,true,1,enwiki,2024-10-27 02:59:32
1833394211,Draft:Eastside Records,Managersmartboy,false,84,enwiki,2024-10-27 02:59:45
1833394306,Krummavísa,JJMC89 bot III,true,12,enwiki,2024-10-27 02:59:57
1833394404,User talk:CATTED,Fnlayson,false,-174,enwiki,2024-10-27 03:00:05
1833394613,Little Bunny Foo Foo,JJMC89 bot III,true,12,enwiki,2024-10-27 03:00:17
1833394703,Draft:Attack of Nogais on Cossack Patrol,DannyS712 bot,false,22,enwiki,2024-10-27 03:00:22
1833394807,Talk:Carlo Collodi,AnomieBOT,true,35,enwiki,2024-10-27 03:00:31
357993609,Labova e Kryqit,Albinfo,false,164,dewiki,2024-10-27 02:55:25
1833392205,User:KiranBOT/MOSTREFS/log,KiranBOT,true,0,enwiki,2024-10-27 02:55:38
1833392305,"Augustenborg, Denmark",Monkbot,true,1,enwiki,2024-10-27 02:55:48
1833392607,"Freu dich, du Himmelskönigin",JJMC89 bot III,true,12,enwiki,2024-10-27 02:56:24
1833392813,Tim Keller (politician),71.191.135.50,false,462,enwiki,2024-10-27 02:56:44
1833393012,Queen Camilla,JohnKristofferRamos,false,8,enwiki,2024-10-27 02:57:05
1833393105,Skirmett,Steinsky,false,-1513,enwiki,2024-10-27 02:57:24
1833393200,Death of Harry Welter,JJMC89 bot,true,-51,enwiki,2024-10-27 02:57:35
1833393318,Gumbo Chaff,JJMC89 bot III,true,12,enwiki,2024-10-27 02:57:50
1833393414,Nikolaos Morakis,Monkbot,true,2,enwiki,2024-10-27 02:58:01
1833393616,Hey Tuttie Tatie,JJMC89 bot III,true,12,enwiki,2024-10-27 02:58:27
1833393918,Saint-Michel-Chef-Chef,Edwardx,false,-71,enwiki,2024-10-27 02:59:08
1833394005,Don't Move (2024 film),Snowshredder140,false,0,enwiki,2024-10-27 02:59:21
1833394106,Resident registration number,LR.127,false,66,enwiki,2024-10-27 02:59:32
1833394210,Wikipedia:Sandbox,Abbe Cappelin,false,272,enwiki,2024-10-27 02:59:45
1833394305,GomSelMash,Rotondus,false,403,enwiki,2024-10-27 02:59:58
1833394407,1928 Ohio gubernatorial election,Indylover2010,false,29,enwiki,2024-10-27 03:00:02
1833394616,Wikipedia:Version 1.0 Editorial Team/20th Century Studios articles by quality log,WP 1.0 bot,true,145,enwiki,2024-10-27 03:00:19
1833394704,Template:Did you know/Next update/Time,DYKUpdateBot,true,0,enwiki,2024-10-27 03:00:24
1833394808,User talk:92.251.169.87,BD2412,false,-2161,enwiki,2024-10-27 03:00:32
1833392110,1981 Dawu earthquake,Dawnseeker2000,false,-27,enwiki,2024-10-27 02:55:24
357993611,Amtsgericht Löbau,Wilske,false,7,dewiki,2024-10-27 02:55:33
1833392208,Talk:Student athlete compensation,Thinking Tiger,false,519,enwiki,2024-10-27 02:55:36
1833392313,Ezekiel Saw the Wheel,JJMC89 bot III,true,12,enwiki,2024-10-27 02:55:49
1833392400,Signy,Monkbot,true,2,enwiki,2024-10-27 02:55:58
1833392610,Godolphin and Latymer School,184.153.21.19,false,0,enwiki,2024-10-27 02:56:24
1833392815,1926 Ohio gubernatorial election,Indylover2010,false,64,enwiki,2024-10-27 02:56:44
1833392901,"Glory, Glory (Lay My Burden Down)",JJMC89 bot III,true,12,enwiki,2024-10-27 02:56:58
1833393018,1981 Sirch earthquake,Dawnseeker2000,false,4,enwiki,2024-10-27 02:57:13
1833393106,"Spring Lake, North Carolina",WhisperToMe,false,395,enwiki,2024-10-27 02:57:22
1833393201,Toll-like receptor 10,Teaktl17,false,4,enwiki,2024-10-27 02:57:35
1833393319,"Portes, Gard",Monkbot,true,1,enwiki,2024-10-27 02:57:47
1833393419,D'Prince,Riri8935,false,0,enwiki,2024-10-27 02:58:01
1833393615,Castelvieilh,Monkbot,true,1,enwiki,2024-10-27 02:58:24
1833394007,LG Electronics,50.4.210.253,false,-5,enwiki,2024-10-27 02:59:18
1833394108,List of tallest structures in the Philippines,IronGargoyle,false,36,enwiki,2024-10-27 02:59:27
1833394219,Karadır kaşların ferman yazdırır,JJMC89 bot III,true,12,enwiki,2024-10-27 02:59:45
1833394308,The Newlywed Wants a House,Lord Cornwallis,false,35,enwiki,2024-10-27 02:59:59
1833394410,Template:Did you know,DYKUpdateBot,true,72,enwiki,2024-10-27 03:00:04
1833394709,Little Poll Parrot,JJMC89 bot III,true,12,enwiki,2024-10-27 03:00:23
1833394810,Boris Gromov,Monkbot,true,1,enwiki,2024-10-27 03:00:29
1833395016,Discovery Sound,Mximaw,false,40,enwiki,2024-10-27 03:00:53
1833395112,Master Kilby,JJMC89 bot III,true,12,enwiki,2024-10-27 03:01:02
1833395212,Wikipedia:Version 1.0 Editorial Team/Air sports articles by quality log,WP 1.0 bot,true,0,enwiki,2024-10-27 03:01:14
1833395304,User:Discographer/Sandbox2,Discographer,false,0,enwiki,2024-10-27 03:01:13
1833395603,Villenave,Monkbot,true,1,enwiki,2024-10-27 03:01:50
1833394902,Lucy Locket,JJMC89 bot III,true,12,enwiki,2024-10-27 03:00:41
1833395017,2024 Cruzeiro Esporte Clube season,Claudiogostoso,false,2,enwiki,2024-10-27 03:00:49
1833395211,Gorgopotamos (river),Monkbot,true,1,enwiki,2024-10-27 03:01:12
1833395308,Sbai,TansoShoshen,false,-25,enwiki,2024-10-27 03:01:20
1833395505,Mezhdugornoye,Monkbot,true,1,enwiki,2024-10-27 03:01:40
1833395605,File:Fathom (art installation) logo.png,DatBot,true,46,enwiki,2024-10-27 03:01:53
1833394911,Talk:Byzantine civil war of 1341–1347,AnomieBOT,true,42,enwiki,2024-10-27 03:00:41
1833395018,Wikipedia:Version 1.0 Editorial Team/Adelaide articles by quality log,WP 1.0 bot,true,-1581,enwiki,2024-10-27 03:00:54
1833395309,Wikipedia:Version 1.0 Editorial Team/Airline articles by quality log,WP 1.0 bot,true,-747,enwiki,2024-10-27 03:01:23
1833395400,Tatyana Khmyrova,Monkbot,true,1,enwiki,2024-10-27 03:01:31
1833395419,Talk:Native Americans in the United States,PersusjCP,false,609,enwiki,2024-10-27 03:01:29
1833395506,2024 Central Connecticut Blue Devils football team,KerbHopper,false,1436,enwiki,2024-10-27 03:01:41
1833395606,User talk:98.211.116.174,BD2412,false,-17947,enwiki,2024-10-27 03:01:53
1833394912,User:DreamRimmer bot/Redirects.json,DreamRimmer bot,true,-264,enwiki,2024-10-27 03:00:43
1833395019,User:Pantarch,Pantarch,false,-38,enwiki,2024-10-27 03:00:54
1833395310,Ni ke Dre,JJMC89 bot III,true,12,enwiki,2024-10-27 03:01:22
1833395401,Mockery Manor,AbnormalNewt,false,157,enwiki,2024-10-27 03:01:32
1833395509,Theresa May,Jason MacGabhann,false,-42,enwiki,2024-10-27 03:01:27
1833395609,"Pat-a-cake, pat-a-cake, baker's man",JJMC89 bot III,true,12,enwiki,2024-10-27 03:01:52
1833394915,Hontanx,Monkbot,true,1,enwiki,2024-10-27 03:00:40
1833395004,File:Balamut 1978.jpg,DatBot,true,46,enwiki,2024-10-27 03:00:52
1833395313,Despicable Me 4,73.94.162.55,false,0,enwiki,2024-10-27 03:01:22
1833395405,Wikipedia:Version 1.0 Editorial Team/Academic Journal articles by quality log,WP 1.0 bot,true,-490,enwiki,2024-10-27 03:01:33
1833395513,User:WP 1.0 bot/Tables/Project/Aircraft,WP 1.0 bot,true,0,enwiki,2024-10-27 03:01:43
1833395613,Talk:List of cryptids,Bloodofox,false,520,enwiki,2024-10-27 03:01:51
1833394910,Wikipedia:Administrators' noticeboard,Lowercase sigmabot III,true,-8352,enwiki,2024-10-27 03:00:37
1833395202,User:WP 1.0 bot/Tables/Custom/Canada-Roads-1,WP 1.0 bot,true,0,enwiki,2024-10-27 03:01:12
1833395315,User talk:92.8.249.83,BD2412,false,-751,enwiki,2024-10-27 03:01:24
1833395406,Ntilim Ntilim,JJMC89 bot III,true,12,enwiki,2024-10-27 03:01:32
1833395517,Francisco Bangoy International Airport,RPC7778,false,-352,enwiki,2024-10-27 03:01:42
1833395616,User:WP 1.0 bot/Tables/Project/Alabama,WP 1.0 bot,true,0,enwiki,2024-10-27 03:01:54
1833394918,User:WP 1.0 bot/Tables/Project/2010s,WP 1.0 bot,true,0,enwiki,2024-10-27 03:00:42
1833395005,"Víctor Guzmán (footballer, born 1995)",Citation bot,true,20,enwiki,2024-10-27 03:00:49
1833395105,Wikipedia:Version 1.0 Editorial Team/Aerospace biography articles by quality log,WP 1.0 bot,true,463,enwiki,2024-10-27 03:01:02
1833395205,Monday's Child,JJMC89 bot III,true,12,enwiki,2024-10-27 03:01:12
1833395316,User talk:Yung Doohickey,2600:1012:B317:C001:B431:A91E:8183:862B,false,13,enwiki,2024-10-27 03:01:24
1833395410,Vickers Vildebeest,LR.127,false,61,enwiki,2024-10-27 03:01:31
1833395617,The Newlywed Wants a House,Lord Cornwallis,false,21,enwiki,2024-10-27 03:01:54
1833394919,User talk:92.27.196.232,BD2412,false,-6980,enwiki,2024-10-27 03:00:43
1833395007,Talk:Yamashita Yoshitsugu,AnomieBOT,true,42,enwiki,2024-10-27 03:00:51
1833395106,User:Aidan9382-Bot/FixBadMoves/report,Aidan9382-Bot,true,-152,enwiki,2024-10-27 03:01:02
1833395207,File:Book Cover of The Naked Communist 2017 edition.jpg,DatBot,true,46,enwiki,2024-10-27 03:01:13
1833395317,Le Crestet,Monkbot,true,1,enwiki,2024-10-27 03:01:21
1833395412,Wikipedia:Version 1.0 Editorial Team/Airline articles by quality log,WP 1.0 bot,true,856,enwiki,2024-10-27 03:01:34
1833395618,Asset freezing,Srnec,false,5,enwiki,2024-10-27 03:01:53
1833395006,User talk:92.3.152.233,BD2412,false,-2551,enwiki,2024-10-27 03:00:53
1833395110,Huh Kyung-young,Seefooddiet,false,-1,enwiki,2024-10-27 03:01:00
1833395206,Discovery Sound,Mximaw,false,0,enwiki,2024-10-27 03:01:12
1833395418,Talk:Nan Nan Resources,DYKUpdateBot,true,222,enwiki,2024-10-27 03:01:34
1833394901,User:DatBot/newpagesbacklog,DatBot,true,0,enwiki,2024-10-27 03:00:42
1833395009,Skinderiškis,Monkbot,true,2,enwiki,2024-10-27 03:00:51
1833395111,"New York, Susquehanna and Western Railway",Mackensen,false,369,enwiki,2024-10-27 03:00:55
1833395209,Wikipedia:WikiProject Westerns/Recognized content,JL-Bot,true,-415,enwiki,2024-10-27 03:01:12
1833395302,Talk:1955 State of Vietnam referendum,AnomieBOT,true,44,enwiki,2024-10-27 03:01:21
1833395715,Wikipedia:Version 1.0 Editorial Team/Algae articles by quality log,WP 1.0 bot,true,-690,enwiki,2024-10-27 03:02:04
1833395803,File:Happy End (1999 film) poster.jpg,DatBot,true,46,enwiki,2024-10-27 03:02:13
1833395909,Red River Valley (song),JJMC89 bot III,true,12,enwiki,2024-10-27 03:02:22
1833396017,Barraute-Camu,Monkbot,true,1,enwiki,2024-10-27 03:02:32
1833396106,La Bastide-de-Lordat,Monkbot,true,1,enwiki,2024-10-27 03:02:42
1833396219,Johannesburg,Flod logic,false,681,enwiki,2024-10-27 03:02:44
1833396305,Christine Kaufmann,Entertainment Buff,false,14,enwiki,2024-10-27 03:03:03
1833395701,User talk:98.223.100.100,BD2412,false,-1933,enwiki,2024-10-27 03:02:02
1833395716,User talk:98.223.54.148,BD2412,false,-797,enwiki,2024-10-27 03:02:04
1833395801,1930 Ohio gubernatorial election,Indylover2010,false,64,enwiki,2024-10-27 03:02:11
1833395913,Bound for Glory (2024),DepressedPer,false,31,enwiki,2024-10-27 03:02:23
1833396107,1930 Ohio gubernatorial election,Indylover2010,false,46,enwiki,2024-10-27 03:02:43
1833396308,Wikipedia:Deletion review/Active,AnomieBOT,true,-50,enwiki,2024-10-27 03:03:04
1833395702,Wikipedia:WikiProject Wisconsin/Recognized content,JL-Bot,true,30,enwiki,2024-10-27 03:02:01
1833395805,Talk:FitFinder,OpalYosutebito,false,7,enwiki,2024-10-27 03:02:13
1833395910,Valery Levaneuski,Monkbot,true,3,enwiki,2024-10-27 03:02:22
357993701,Obduktion,BrunoBoehmler,false,1,dewiki,2024-10-27 03:02:27
1833396000,User:WP 1.0 bot/Tables/Project/American Civil War,WP 1.0 bot,true,0,enwiki,2024-10-27 03:02:34
1833396111,Wikipedia:Version 1.0 Editorial Team/American Revolutionary War articles by quality log,WP 1.0 bot,true,512,enwiki,2024-10-27 03:02:46
1833396307,"Fayetteville, North Carolina",WhisperToMe,false,1143,enwiki,2024-10-27 03:03:00
357993710,Burg Gollub,176.6.133.90,false,208,dewiki,2024-10-27 03:03:10
1833395804,User:Calvinkaiy,Calvinkaiy,false,35,enwiki,2024-10-27 03:02:14
1833395915,The Rest Is History (podcast),Coreg,false,28,enwiki,2024-10-27 03:02:23
1833396011,User talk:Dumelow,DYKUpdateBot,true,1559,enwiki,2024-10-27 03:02:34
1833396114,User:Voorts/Challenges,Voorts,false,16,enwiki,2024-10-27 03:02:45
357993705,Wikipedia Diskussion:Relevanzkriterien,Chaddy,false,456,dewiki,2024-10-27 03:02:40
1833396202,Draft:Morse Moose and the Grey Goose,Newtatoryd222,false,-4,enwiki,2024-10-27 03:02:54
1833396312,Mińsk County,Monkbot,true,1,enwiki,2024-10-27 03:03:03
1833395707,Poor Paddy Works on the Railway,JJMC89 bot III,true,12,enwiki,2024-10-27 03:02:02
1833395807,Draft:Morse Moose and the Grey Goose,Newtatoryd222,false,-1,enwiki,2024-10-27 03:02:12
1833396010,Wikipedia:Version 1.0 Editorial Team/Anguilla articles by quality log,WP 1.0 bot,true,412,enwiki,2024-10-27 03:02:35
1833396117,File:Julia Hawkins.png,DatBot,true,46,enwiki,2024-10-27 03:02:46
1833396203,Wikipedia:Deletion review/Recent,AnomieBOT,true,0,enwiki,2024-10-27 03:02:54
357993709,Das Auge (1983),RonaldPlate,false,5,dewiki,2024-10-27 03:03:03
1833396313,User talk:98.88.75.198,BD2412,false,-2382,enwiki,2024-10-27 03:03:05
1833396400,Bound for Glory (2024),DepressedPer,false,32,enwiki,2024-10-27 03:03:12
1833395708,Draft:Louis René Barrera Indiangrass Wildlife Sanctuary,LIUCWisshorn24,false,269,enwiki,2024-10-27 03:02:03
1833395808,The Rain Don't Fall on Me,JJMC89 bot III,true,12,enwiki,2024-10-27 03:02:12
1833395919,Wikipedia:Teahouse,Cullen328,false,0,enwiki,2024-10-27 03:02:23
1833396012,1930 Ohio gubernatorial election,Indylover2010,false,29,enwiki,2024-10-27 03:02:33
357993704,Ironman Hawaii,2003:D1:8729:3B00:DC54:3F9C:F794:CE,false,62,dewiki,2024-10-27 03:02:19
1833396115,User:1950Martin/sandbox,1950Martin,false,4,enwiki,2024-10-27 03:02:46
357993706,Joseph Ramsauer,Martin Demel,false,6,dewiki,2024-10-27 03:02:48
1833396204,User talk:Schwede66,DYKUpdateBot,true,1595,enwiki,2024-10-27 03:02:54
1833396315,Somerset Carol,JJMC89 bot III,true,12,enwiki,2024-10-27 03:03:05
1833396401,Wikipedia:WikiProject Women artists/Recognized content,JL-Bot,true,38,enwiki,2024-10-27 03:03:08
1833395709,Préchac-sur-Adour,Monkbot,true,1,enwiki,2024-10-27 03:02:00
1833395809,Queen Camilla,JohnKristofferRamos,false,0,enwiki,2024-10-27 03:02:06
1833396014,Roll in My Sweet Baby's Arms,JJMC89 bot III,true,12,enwiki,2024-10-27 03:02:35
1833396116,User talk:98.82.6.241,BD2412,false,-2467,enwiki,2024-10-27 03:02:46
1833396207,The Sinner's Redemption,JJMC89 bot III,true,12,enwiki,2024-10-27 03:02:55
1833396314,Caltrain,2601:1C0:5001:B6B0:30EE:68F:8E58:98D2,false,34,enwiki,2024-10-27 03:02:58
1833396402,Men's rights movement,ModernDaySlavery,false,14,enwiki,2024-10-27 03:03:07
1833395712,Wikipedia:Version 1.0 Editorial Team/American Samoa road transport articles by quality log,WP 1.0 bot,true,0,enwiki,2024-10-27 03:02:04
1833395810,User talk:98.28.166.108,BD2412,false,-7592,enwiki,2024-10-27 03:02:14
1833396015,User talk:98.67.33.22,BD2412,false,-2304,enwiki,2024-10-27 03:02:36
357993707,Tel Dan,Ulf Heinsohn,false,25,dewiki,2024-10-27 03:02:55
1833396316,File:Logo of Mytheresa.png,DatBot,true,46,enwiki,2024-10-27 03:03:05
357993711,Kurt Mandelbaum,2001:9E8:95A:4B00:4D8D:5294:674E:D38D,false,-2,dewiki,2024-10-27 03:03:14
1833395713,1930 Ohio gubernatorial election,Indylover2010,false,49,enwiki,2024-10-27 03:02:02
1833395815,Lebanese Arabic,70.83.137.110,false,1,enwiki,2024-10-27 03:02:12
1833396016,Temesa,Bkonrad,false,-63,enwiki,2024-10-27 03:02:36
1833396100,Template:Convert/doc,Johnuniq,false,752,enwiki,2024-10-27 03:02:36
1833396213,SPFS,Monkbot,true,2,enwiki,2024-10-27 03:02:54
1833396317,Ted Goossen,Phibeatrice,false,351,enwiki,2024-10-27 03:03:06
1833395711,"Ashante \"Thee\" Adonis",2600:1004:B0BD:1128:0:11:117:3501,false,3,enwiki,2024-10-27 03:02:00
1833395906,Wikipedia:Version 1.0 Editorial Team/Alberta articles by quality log,WP 1.0 bot,true,542,enwiki,2024-10-27 03:02:23
357993702,Obduktion,BrunoBoehmler,false,1,dewiki,2024-10-27 03:02:35
1833396103,Zero Wing,217.8.31.134,false,19,enwiki,2024-10-27 03:02:42
1833396215,Saint Basil's Cathedral,211.30.181.136,false,-1,enwiki,2024-10-27 03:02:50
1833396318,Norfolk and Western 2050,Someone who likes train writing,false,544,enwiki,2024-10-27 03:03:04
1833396404,Strawberry Fair (song),JJMC89 bot III,true,12,enwiki,2024-10-27 03:03:13
1833396612,"Marsac, Hautes-Pyrénées",Monkbot,true,1,enwiki,2024-10-27 03:03:31
1833396703,Ten Green Bottles,JJMC89 bot III,true,12,enwiki,2024-10-27 03:03:41
1833396806,User talk:92.17.247.150,BD2412,false,-3842,enwiki,2024-10-27 03:03:52
1833396900,User talk:92.1.165.116,BD2412,false,-680,enwiki,2024-10-27 03:04:02
1833397015,Template:Did you know/Queue/Next,DYKUpdateBot,true,0,enwiki,2024-10-27 03:04:14
1833397100,2024–25 Fehérvár FC season,Cakesam,false,2,enwiki,2024-10-27 03:04:13
1833396406,User talk:DarthCloakedGuy,DYKUpdateBot,true,1586,enwiki,2024-10-27 03:03:14
1833396500,User:WP 1.0 bot/Tables/Project/Ancient Egypt,WP 1.0 bot,true,307,enwiki,2024-10-27 03:03:22
1833396613,Fernando Soto (Mexican actor),Lord Cornwallis,false,-2,enwiki,2024-10-27 03:03:34
1833396704,Pisoderi,Monkbot,true,2,enwiki,2024-10-27 03:03:41
1833396807,ISU Grand Prix of Figure Skating,Hyperion82,false,0,enwiki,2024-10-27 03:03:41
1833396904,Toronto-Dominion Bank,Chris Capoccia,false,19,enwiki,2024-10-27 03:04:00
1833397018,Three Jolly Rogues,JJMC89 bot III,true,12,enwiki,2024-10-27 03:04:13
1833397105,File:St Mary's GAC Rasharkin crest.jpg,DatBot,true,46,enwiki,2024-10-27 03:04:23
1833396405,Portal:Current events/2007 December 4,DB1729,false,-48,enwiki,2024-10-27 03:03:14
1833396617,Wikipedia:Version 1.0 Editorial Team/Apple Corps and Apple Records articles by quality log,WP 1.0 bot,true,32,enwiki,2024-10-27 03:03:35
1833396710,Temple of Venus (Aelia Capitolina),AnomieBOT,true,24,enwiki,2024-10-27 03:03:44
1833396811,Davy Byrne's pub,さえぼー,false,-1983,enwiki,2024-10-27 03:03:51
1833396905,There's a Meeting Here Tonight,JJMC89 bot III,true,12,enwiki,2024-10-27 03:04:01
1833397017,User talk:160.79.33.71,331dot,false,2207,enwiki,2024-10-27 03:04:14
357993719,Fußball-Landesliga Bremen,BrunoBoehmler,false,46,dewiki,2024-10-27 03:04:21
1833397104,User talk:91.123.191.10,BD2412,false,-925,enwiki,2024-10-27 03:04:24
1833396407,File:Maki (singer).jpg,DatBot,true,46,enwiki,2024-10-27 03:03:14
1833396502,Wikipedia:In the news/Candidates,AnomieBOT,true,-16377,enwiki,2024-10-27 03:03:14
1833396616,User talk:92.23.70.211,BD2412,false,-918,enwiki,2024-10-27 03:03:35
1833396711,Tim Keller (politician),71.191.135.50,false,-19,enwiki,2024-10-27 03:03:42
1833396812,Tristan Enaruna,Intruder007,false,-19,enwiki,2024-10-27 03:03:52
1833396906,Mockery Manor,AbnormalNewt,false,-2,enwiki,2024-10-27 03:04:02
1833397001,Wikipedia:Version 1.0 Editorial Team/Animation people articles by quality log,WP 1.0 bot,true,-1142,enwiki,2024-10-27 03:04:13
1833397114,Category:Alumni of the Academy of Music in Kraków,Lost in Quebec,false,-36,enwiki,2024-10-27 03:04:25
1833396408,User talk:99.117.248.136,BD2412,false,-876,enwiki,2024-10-27 03:03:14
1833396506,File:Mercury Rev - Born Horses (cover art).webp,DatBot,true,46,enwiki,2024-10-27 03:03:22
1833396601,Talk:D. B. Cooper,SineBot,true,294,enwiki,2024-10-27 03:03:30
1833396717,Wikipedia:Version 1.0 Editorial Team/Applied linguistics articles by quality log,WP 1.0 bot,true,1298,enwiki,2024-10-27 03:03:44
1833396815,C/2019 Y4 (ATLAS),Comet Dude,false,76,enwiki,2024-10-27 03:03:51
1833396908,File:Primavera 2025 logo.jpeg,DatBot,true,46,enwiki,2024-10-27 03:04:02
1833397002,1985 Ciudad de México Cup Tournament,2600:1700:12E1:A090:2591:1FB8:7D06:27C6,false,0,enwiki,2024-10-27 03:04:10
1833397113,User talk:91.121.91.61,BD2412,false,-161,enwiki,2024-10-27 03:04:26
1833396411,User:WP 1.0 bot/Tables/Project/American television,WP 1.0 bot,true,0,enwiki,2024-10-27 03:03:14
1833396510,Talk:FIRST Res-Q,OpalYosutebito,false,5,enwiki,2024-10-27 03:03:23
1833396600,User talk:99.203.31.5,BD2412,false,-1707,enwiki,2024-10-27 03:03:33
1833396816,Ganemat Sekhon,SmartyPants22,false,37,enwiki,2024-10-27 03:03:53
1833396909,Scot Williams,LR.127,false,49,enwiki,2024-10-27 03:04:00
1833397004,Three Blind Mice,JJMC89 bot III,true,12,enwiki,2024-10-27 03:04:11
1833397115,Prix Montaigne de Bordeaux,Flod logic,false,44,enwiki,2024-10-27 03:04:24
1833396511,Sauvagnon,Monkbot,true,1,enwiki,2024-10-27 03:03:20
1833396607,Tandernaken,JJMC89 bot III,true,12,enwiki,2024-10-27 03:03:33
1833396817,There Goes Old Georgetown,JJMC89 bot III,true,12,enwiki,2024-10-27 03:03:51
1833396913,Wikipedia:Version 1.0 Editorial Team/Animal rights articles by quality log,WP 1.0 bot,true,-416,enwiki,2024-10-27 03:04:03
1833397005,Unicomp,Xose.vazquez,false,-11,enwiki,2024-10-27 03:04:13
1833397119,List of fault zones,Dicklyon,false,0,enwiki,2024-10-27 03:04:25
1833397200,Wikipedia:Version 1.0 Editorial Team/Ant task force articles by quality log,WP 1.0 bot,true,-758,enwiki,2024-10-27 03:04:36
1833396516,User:WP 1.0 bot/Tables/Project/Ancient Near East,WP 1.0 bot,true,0,enwiki,2024-10-27 03:03:23
1833396609,User:SDZeroBot/AfD grid,SDZeroBot,true,-1596,enwiki,2024-10-27 03:03:25
1833396914,User talk:92.0.200.236,BD2412,false,-767,enwiki,2024-10-27 03:04:04
1833397009,Hansi Flick,103.144.200.194,false,0,enwiki,2024-10-27 03:04:05
1833397206,User talk:91.106.57.150,BD2412,false,-849,enwiki,2024-10-27 03:04:36
1833396515,Fernando Soto (Mexican actor),Lord Cornwallis,false,47,enwiki,2024-10-27 03:03:24
1833396608,2024 Skate Canada International,Bgsu98,false,35,enwiki,2024-10-27 03:03:32
1833396804,Wikipedia:WikiProject Women in Business,JL-Bot,true,-71,enwiki,2024-10-27 03:03:46
1833396918,They're moving Father's grave to build a sewer,JJMC89 bot III,true,12,enwiki,2024-10-27 03:04:03
1833397008,User talk:91.195.247.200,BD2412,false,-1189,enwiki,2024-10-27 03:04:13
1833397207,Black Procession,Monkbot,true,1,enwiki,2024-10-27 03:04:35
1833396517,User talk:99.185.53.205,BD2412,false,-2704,enwiki,2024-10-27 03:03:24
1833396611,File:Night-of-the-zoopocalypse-poster-v0-376dh6cnxm6d1.webp,DatBot,true,46,enwiki,2024-10-27 03:03:34
1833396919,Wikipedia:Version 1.0 Editorial Team/Ariana Grande articles by quality log,WP 1.0 bot,true,77,enwiki,2024-10-27 03:04:04
1833397014,B-Fab,2600:1004:B0BD:1128:0:11:117:3501,false,4,enwiki,2024-10-27 03:04:11
357993718,Albe (Begriffsklärung),Dabefewulu,false,436,dewiki,2024-10-27 03:04:20
1833397214,Cottage cheese,Zzuuzz,false,204,enwiki,2024-10-27 03:04:34
1833397304,2002 Miller Lite Hall of Fame Championships – Doubles,Wolbo,false,-16,enwiki,2024-10-27 03:04:45
1833397413,Talk:No-communication theorem,Za49,false,492,enwiki,2024-10-27 03:04:56
1833397615,Playskool,2603:7000:B800:F04:B104:7009:CD9F:5C75,false,4,enwiki,2024-10-27 03:05:21
1833397716,GBU-39 Small Diameter Bomb,Swatjester,false,-13,enwiki,2024-10-27 03:05:31
1833397819,Greenville and Western Railway,Pencilsforall,false,578,enwiki,2024-10-27 03:05:43
1833397219,Wikipedia:Version 1.0 Editorial Team/AfC articles by quality log,WP 1.0 bot,true,24927,enwiki,2024-10-27 03:04:26
1833397308,User talk:90.240.37.3,BD2412,false,-1443,enwiki,2024-10-27 03:04:46
1833397414,Wikipedia:Wiki Ed/Tulane University/Quantum Information Science and Engineering (Fall 2024),Za49,false,28,enwiki,2024-10-27 03:04:58
1833397614,Felix Manalo,MidasHotel20,false,18,enwiki,2024-10-27 03:05:22
1833397717,Hwang In-sung,Seefooddiet,false,-45,enwiki,2024-10-27 03:05:33
1833397217,User:Newtatoryd222,Newtatoryd222,false,44,enwiki,2024-10-27 03:04:38
1833397314,File:The Doorman (1950 film).jpeg,DatBot,true,46,enwiki,2024-10-27 03:04:47
1833397418,Wikipedia:Version 1.0 Editorial Team/Applied linguistics articles by quality log,WP 1.0 bot,true,-1700,enwiki,2024-10-27 03:04:59
1833397502,Jill Krowinski,Roastedbeanz1,false,12,enwiki,2024-10-27 03:05:06
1833397617,Talk:Firkin (unit),OpalYosutebito,false,9,enwiki,2024-10-27 03:05:25
1833397719,Wikipedia:Version 1.0 Editorial Team/Ariana Grande articles by quality log,WP 1.0 bot,true,-77,enwiki,2024-10-27 03:05:35
1833397417,User talk:90.204.137.83,BD2412,false,-694,enwiki,2024-10-27 03:04:59
1833397507,Republican Party (United States),Completely Random Guy,false,-26,enwiki,2024-10-27 03:04:44
1833397600,Pony (Ginuwine song),Binksternet,false,-66,enwiki,2024-10-27 03:05:18
1833397416,Parcham,Vif12vf,false,-139,enwiki,2024-10-27 03:04:57
1833397512,Help! (film),68.193.160.90,false,3,enwiki,2024-10-27 03:05:09
1833397402,Talk:Marie Jaëll,98.123.38.211,false,229,enwiki,2024-10-27 03:04:56
1833397419,Talk:Legislative assemblies of Canadian provinces and territories,Mr Serjeant Buzfuz,false,1064,enwiki,2024-10-27 03:04:58
1833397517,File:Title Tuesday 2022 promotional poste.jpg,DatBot,true,46,enwiki,2024-10-27 03:05:11
1833397602,User talk:89.164.229.190,BD2412,false,-1164,enwiki,2024-10-27 03:05:22
1833397701,Turbine–electric powertrain,Stephan Leeds,false,0,enwiki,2024-10-27 03:05:32
1833397800,Talk:No-communication theorem,Za49,false,24,enwiki,2024-10-27 03:05:41
1833397406,Toll-like receptor 10,Teaktl17,false,4,enwiki,2024-10-27 03:04:56
1833397607,Wikipedia:Version 1.0 Editorial Team/Arab world articles by quality log,WP 1.0 bot,true,-2349,enwiki,2024-10-27 03:05:22
1833397702,Talk:Firing order,OpalYosutebito,false,5,enwiki,2024-10-27 03:05:32
1833397801,Wikipedia:Wiki Ed/Tulane University/Quantum Information Science and Engineering (Fall 2024),Za49,false,28,enwiki,2024-10-27 03:05:43
1833397410,User talk:90.208.201.72,BD2412,false,-758,enwiki,2024-10-27 03:04:57
1833397611,File:Touché Amoré Spiral In A Straight Line cover.jpg,DatBot,true,46,enwiki,2024-10-27 03:05:23
1833397706,Hamburger,Lyttle-Wight,false,-20,enwiki,2024-10-27 03:05:30
1833397803,User:WP 1.0 bot/Tables/Project/Archaeology,WP 1.0 bot,true,0,enwiki,2024-10-27 03:05:43
1833397409,User:TrademarkedTWOrantula/sandbox,TrademarkedTWOrantula,false,59,enwiki,2024-10-27 03:04:56
1833397610,The Loving Kind,2A02:C7C:D2B4:E400:E106:164C:4E5F:8BC4,false,29,enwiki,2024-10-27 03:05:20
1833397709,User:SebrinaHayes/Ardis E. Parshall/Bibliography,SebrinaHayes,false,555,enwiki,2024-10-27 03:05:33
1833397802,User talk:88.253.232.242,BD2412,false,-2032,enwiki,2024-10-27 03:05:43
1833397303,Wikipedia:Version 1.0 Editorial Team/Asian Games articles by quality log,WP 1.0 bot,true,0,enwiki,2024-10-27 03:04:46
1833397412,Alikovsky District,Monkbot,true,2,enwiki,2024-10-27 03:04:55
1833397613,2024 Cruzeiro Esporte Clube season,Claudiogostoso,false,112,enwiki,2024-10-27 03:05:18
1833397710,He-Man,Imm scarf,false,14,enwiki,2024-10-27 03:05:32
1833397817,"Lagardère, Gers",Monkbot,true,1,enwiki,2024-10-27 03:05:40
1833397904,Wikipedia:Version 1.0 Editorial Team/Arminianism articles by quality log,WP 1.0 bot,true,-1640,enwiki,2024-10-27 03:05:53
1833398104,The Newlywed Wants a House,Lord Cornwallis,false,26,enwiki,2024-10-27 03:06:16
1833398208,Brenda Zambrano,Telenovelafan215,false,-448,enwiki,2024-10-27 03:06:31
1833398403,Might makes right,Citation bot,true,91,enwiki,2024-10-27 03:07:01
1833397912,Bąkowiec,Monkbot,true,4,enwiki,2024-10-27 03:05:51
1833398008,Roger Ebert,Charlie Faust,false,65,enwiki,2024-10-27 03:05:58
1833398106,2002 Miller Lite Hall of Fame Championships – Singles,Wolbo,false,32,enwiki,2024-10-27 03:06:16
1833398404,Ioakeim Toumpas,BD2412,false,1,enwiki,2024-10-27 03:07:00
1833397911,1938 SEC men's basketball tournament,Ha2772a,false,0,enwiki,2024-10-27 03:05:52
1833398013,Wikipedia:Version 1.0 Editorial Team/Arsenal F.C. articles by quality log,WP 1.0 bot,true,484,enwiki,2024-10-27 03:06:05
1833398108,User:WP 1.0 bot/Tables/Project/Arts in Brazil,WP 1.0 bot,true,0,enwiki,2024-10-27 03:06:17
1833398211,Dampniat,Monkbot,true,1,enwiki,2024-10-27 03:06:31
1833398308,Harry Benjamin,Psychologist Guy,false,-49,enwiki,2024-10-27 03:06:47
1833398405,1. FC Union Berlin,EriFr,false,0,enwiki,2024-10-27 03:06:52
1833397914,User talk:88.108.55.221,BD2412,false,-843,enwiki,2024-10-27 03:05:54
1833398012,Talk:Firebox.com,OpalYosutebito,false,8,enwiki,2024-10-27 03:06:05
1833398113,Not Letting Go,Binksternet,false,-71,enwiki,2024-10-27 03:06:16
1833398212,Talk:Quantum game theory,Za49,false,32,enwiki,2024-10-27 03:06:33
1833398310,Operation Hannibal,Monkbot,true,2,enwiki,2024-10-27 03:06:47
1833398412,Immaculate Heart of Mary,BD2412,false,1,enwiki,2024-10-27 03:06:59
1833398019,2002 Miller Lite Hall of Fame Championships – Singles,Wolbo,false,4,enwiki,2024-10-27 03:06:05
1833398115,Maria Skłodowska-Curie National Research Institute of Oncology,Monkbot,true,2,enwiki,2024-10-27 03:06:16
1833398213,Iain Hamilton Grant,BD2412,false,-2,enwiki,2024-10-27 03:06:33
1833398316,Draft:Mateo Silvetti,Hildreth gazzard,false,416,enwiki,2024-10-27 03:06:49
1833398413,Ministry of Magic,68.193.160.90,false,-46,enwiki,2024-10-27 03:07:01
1833398116,Wikipedia:Version 1.0 Editorial Team/Arunachal Pradesh articles by quality log,WP 1.0 bot,true,507,enwiki,2024-10-27 03:06:19
1833398215,Talk:Fire (artscene group),OpalYosutebito,false,7,enwiki,2024-10-27 03:06:34
1833398317,Albert Castellanos,Chris the speller,false,0,enwiki,2024-10-27 03:06:48
1833398414,Wikipedia:Version 1.0 Editorial Team/Atheism articles by quality log,WP 1.0 bot,true,749,enwiki,2024-10-27 03:07:03
1833398216,Bradbury Robinson,Fma12,false,-22,enwiki,2024-10-27 03:06:32
1833398318,Habuba Kabira,Ploversegg,false,423,enwiki,2024-10-27 03:06:48
1833398416,Wikipedia:Version 1.0 Editorial Team/Asian military history articles by quality log,WP 1.0 bot,true,2091,enwiki,2024-10-27 03:07:01
1833398417,Ioan Bogdan,BD2412,false,21,enwiki,2024-10-27 03:07:03
1833397901,User talk:88.109.210.249,BD2412,false,-2309,enwiki,2024-10-27 03:05:53
1833398200,Iain Chambers (musician),BD2412,false,1,enwiki,2024-10-27 03:06:30
1833398401,Slakovci,Monkbot,true,2,enwiki,2024-10-27 03:06:57
1833398415,42nd Parliament of Ontario,RedBlueGreen93,false,153,enwiki,2024-10-27 03:06:59
1833397903,2024 Cruzeiro Esporte Clube season,Claudiogostoso,false,1,enwiki,2024-10-27 03:05:48
1833398002,User:WP 1.0 bot/Tables/Project/Arsenal F.C.,WP 1.0 bot,true,0,enwiki,2024-10-27 03:06:03
1833398100,Lithuanian Riflemen's Union,Bellkass02,false,416,enwiki,2024-10-27 03:06:14
1833398419,"Immaculate Heart of Mary Seminary (Winona, Minnesota)",BD2412,false,1,enwiki,2024-10-27 03:07:02
1833398504,Jordan Schakel,Intruder007,false,3,enwiki,2024-10-27 03:07:14
1833398617,Nile C. Kinnick High School,WhisperToMe,false,31,enwiki,2024-10-27 03:07:30
1833398715,"Teniz, Mendykara District",Monkbot,true,2,enwiki,2024-10-27 03:07:45
1833398801,Wikipedia:Requested moves/Current discussions (table),RMCD bot,true,0,enwiki,2024-10-27 03:07:57
1833398814,Toll-like receptor 10,Teaktl17,false,4,enwiki,2024-10-27 03:08:01
1833398901,List of American films of 1987,2603:6081:6A03:7A2B:ECEB:60CD:1818:12EF,false,6,enwiki,2024-10-27 03:08:15
1833399010,1932 Ohio gubernatorial election,Indylover2010,false,51,enwiki,2024-10-27 03:08:31
1833398502,Lil Uzi Vert discography,Binksternet,false,-4,enwiki,2024-10-27 03:07:10
1833398618,Quit!!,Mooonswimmer,false,322,enwiki,2024-10-27 03:07:31
1833398817,Wikipedia:Version 1.0 Editorial Team/Bedfordshire articles by quality log,WP 1.0 bot,true,0,enwiki,2024-10-27 03:08:02
1833398903,Burial of a Potato,Monkbot,true,1,enwiki,2024-10-27 03:08:16
1833399011,Talk:The Great Fire of Key West,Bot1058,true,-11,enwiki,2024-10-27 03:08:34
1833398505,2024 Cruzeiro Esporte Clube season,Claudiogostoso,false,60,enwiki,2024-10-27 03:07:12
1833398619,User talk:TheSWHYPER,FireflyBot,true,783,enwiki,2024-10-27 03:07:32
1833398800,Portal:Current events/2024 October 26,Bloxzge 025,false,-29,enwiki,2024-10-27 03:07:59
1833398915,Aconitum heterophyllum,Wujastyk,false,316,enwiki,2024-10-27 03:08:17
1833399012,Holy Monastery (Meteora),Monkbot,true,1,enwiki,2024-10-27 03:08:32
1833398506,Wikipedia:Version 1.0 Editorial Team/Atlantic hurricane articles by quality log,WP 1.0 bot,true,-968,enwiki,2024-10-27 03:07:16
1833398918,Parliamentary Under-Secretary of State for the Home Department,Dgp4004,false,-9,enwiki,2024-10-27 03:08:18
1833399013,Ian Adamson,BD2412,false,-25,enwiki,2024-10-27 03:08:32
1833398509,Ioan Petru Culianu,BD2412,false,-1,enwiki,2024-10-27 03:07:14
1833398803,Wikipedia:Requested moves/Current discussions (alt),RMCD bot,true,0,enwiki,2024-10-27 03:07:54
1833398511,User:JJMC89 bot/Commons picture of the day,JJMC89 bot,true,-130,enwiki,2024-10-27 03:07:16
1833398607,New Order (Nazism),KingofEdits103,false,206,enwiki,2024-10-27 03:07:20
1833398804,Boxing pound for pound rankings,Olmaz,false,4,enwiki,2024-10-27 03:08:00
1833398512,Wikipedia:Version 1.0 Editorial Team/Bahá'í Faith articles by quality log,WP 1.0 bot,true,0,enwiki,2024-10-27 03:07:17
1833398610,Shichenga,Monkbot,true,1,enwiki,2024-10-27 03:07:28
1833398806,Jason Polak,Dawnseeker2000,false,-25,enwiki,2024-10-27 03:08:00
1833399005,User talk:Emine mariam youssef,FireflyBot,true,832,enwiki,2024-10-27 03:08:32
1833398518,Tim Keller (politician),71.191.135.50,false,9,enwiki,2024-10-27 03:07:16
1833398608,2024 United States Senate election in Arizona,David O. Johnson,false,-15,enwiki,2024-10-27 03:07:22
1833398706,List of fault zones,Dicklyon,false,-2,enwiki,2024-10-27 03:07:46
1833399007,Gladstad,Jay1279,false,109,enwiki,2024-10-27 03:08:31
1833398708,Talk:Najmeddin Shariati,4ipid,false,373,enwiki,2024-10-27 03:07:47
1833398811,Peter Newell,GuardianH,false,87,enwiki,2024-10-27 03:08:00
1833398613,The Babys,190.245.152.56,false,100,enwiki,2024-10-27 03:07:31
1833398712,Robert Smith (musician),Rodericksilly,false,2,enwiki,2024-10-27 03:07:42
1833398813,Talk:FIPS 10-4,OpalYosutebito,false,7,enwiki,2024-10-27 03:08:01
1833399008,Immersion zinc plating,BD2412,false,-5,enwiki,2024-10-27 03:08:33
1833399101,Morozovsky District,Monkbot,true,1,enwiki,2024-10-27 03:08:43
1833399318,Whitechapel murders,Wabbuh,false,31,enwiki,2024-10-27 03:09:14
1833399403,43rd Parliament of Ontario,RedBlueGreen93,false,381,enwiki,2024-10-27 03:09:27
1833399503,Wikipedia:Good article nominations/Topic lists/Philosophy and religion,ChristieBot,true,-341,enwiki,2024-10-27 03:09:47
1833399616,Tomb of the Unknown Soldier (Arlington National Cemetery),21Kakai,false,53,enwiki,2024-10-27 03:10:02
1833399102,Wikipedia:Version 1.0 Editorial Team/Big 12 Conference articles by quality log,WP 1.0 bot,true,0,enwiki,2024-10-27 03:08:45
1833399213,Robert C. Hahn,98.228.137.44,false,212,enwiki,2024-10-27 03:09:01
1833399404,It Takes Two (American TV series),BD2412,false,-1,enwiki,2024-10-27 03:09:29
1833399505,Wikipedia:Articles for deletion/Commotion Ltd v Rutty,Wcquidditch,false,455,enwiki,2024-10-27 03:09:47
1833399618,Looe Key National Marine Sanctuary,Mdnavman,false,24,enwiki,2024-10-27 03:10:03
1833399108,Wikipedia:Version 1.0 Editorial Team/Australian crime articles by quality log,WP 1.0 bot,true,402,enwiki,2024-10-27 03:08:46
1833399407,Wikipedia:Version 1.0 Editorial Team/Australian television articles by quality log,WP 1.0 bot,true,-16438,enwiki,2024-10-27 03:09:31
1833399510,Azerbaijan Handball Federation,GreenLipstickLesbian,false,110,enwiki,2024-10-27 03:09:46
1833399110,Men's rights movement,ModernDaySlavery,false,-4,enwiki,2024-10-27 03:08:40
1833399408,Jin Jong-oh,SmartyPants22,false,187,enwiki,2024-10-27 03:09:29
1833399513,Dine Alone Records,GVOLTT,false,7,enwiki,2024-10-27 03:09:47
1833399111,Category:Gobiesociformes stubs,Trilletrollet,false,-21,enwiki,2024-10-27 03:08:46
1833399310,Filippo Lippi,VolatileAnomaly,false,-13,enwiki,2024-10-27 03:09:14
1833399409,Mercuria,Boo1210,false,-1245,enwiki,2024-10-27 03:09:31
1833399514,The enemy of my enemy is my friend,Citation bot,true,30,enwiki,2024-10-27 03:09:47
1833399113,User:Dlrohrer2003/common.js,Dlrohrer2003,false,2,enwiki,2024-10-27 03:08:47
1833399311,Korolevskaya,Monkbot,true,1,enwiki,2024-10-27 03:09:14
1833399410,User talk:JohnKristofferRamos,Nford24,false,1118,enwiki,2024-10-27 03:09:31
1833399516,Wikipedia:WikiProject Women in Green/Current Featured Content,JL-Bot,true,227,enwiki,2024-10-27 03:09:42
1833399118,2024 Global Super League,2409:40E1:10B5:B137:C87A:E2FF:FEAE:2ACF,false,-1,enwiki,2024-10-27 03:08:44
1833399313,The Magic Voyage,Dudenik69,false,27,enwiki,2024-10-27 03:09:14
1833399412,São Romão,Nubia86,false,2,enwiki,2024-10-27 03:09:30
1833399314,Commotion Ltd v Rutty,A. B.,false,474,enwiki,2024-10-27 03:09:16
1833399400,Azerbaijan Handball Federation,GreenLipstickLesbian,false,-528,enwiki,2024-10-27 03:09:29
1833399415,1932 Ohio gubernatorial election,Indylover2010,false,45,enwiki,2024-10-27 03:09:30
1833399606,User:AmandaNP/UAA/Time,DeltaQuadBot,true,0,enwiki,2024-10-27 03:10:03
1833399315,It Makes No Difference,BD2412,false,0,enwiki,2024-10-27 03:09:15
1833399401,2024–25 Maltese National Amateur League,MPN 1994,false,-44,enwiki,2024-10-27 03:09:29
1833399417,Bouvières,Monkbot,true,1,enwiki,2024-10-27 03:09:30
1833399500,Ian Browne (musician),BD2412,false,-1,enwiki,2024-10-27 03:09:46
1833399609,Lefktro,Monkbot,true,1,enwiki,2024-10-27 03:10:01
1833399100,User:WP 1.0 bot/Tables/Project/Australian crime,WP 1.0 bot,true,0,enwiki,2024-10-27 03:08:44
1833399317,Wikipedia:Version 1.0 Editorial Team/Australian biota articles by quality log,WP 1.0 bot,true,-650,enwiki,2024-10-27 03:09:17
1833399402,Bocchi the Rock!,JT0219,false,9,enwiki,2024-10-27 03:09:25
1833399419,Ian Bell (musician),BD2412,false,-1,enwiki,2024-10-27 03:09:32
1833399502,Olšany (Šumperk District),Monkbot,true,1,enwiki,2024-10-27 03:09:44
1833399610,2024 Campeonato Brasileiro Série A,CodeMars04,false,10,enwiki,2024-10-27 03:09:58
1833399701,Wikipedia:Version 1.0 Editorial Team/Autism articles by quality log,WP 1.0 bot,true,-284,enwiki,2024-10-27 03:10:16
1833399802,Hezbollah–Russia relations,LR.127,false,27,enwiki,2024-10-27 03:10:29
1833399906,Talk:The Holocaust,105.243.21.207,false,473,enwiki,2024-10-27 03:10:39
1833400018,John Yerxa,98.228.137.44,false,253,enwiki,2024-10-27 03:11:00
1833400110,1934 Ohio gubernatorial election,Indylover2010,false,26,enwiki,2024-10-27 03:11:12
1833400215,Talk:James FitzGibbon,2607:FEA8:25E:9E00:B0AE:1E91:32A1:8F13,false,859,enwiki,2024-10-27 03:11:30
1833399703,Archaeological Museum of Puerto de la Cruz,HirowoWiki,false,1,enwiki,2024-10-27 03:10:15
1833399803,Wikipedia:Version 1.0 Editorial Team/Babylon 5 articles by quality log,WP 1.0 bot,true,-707,enwiki,2024-10-27 03:10:32
1833399910,List of most-attended concerts,Nfitz,false,16,enwiki,2024-10-27 03:10:45
357993808,Ivan Softa,Guslar,false,91,dewiki,2024-10-27 03:10:52
1833400004,User:WP 1.0 bot/Tables/Project/Bahrain,WP 1.0 bot,true,-291,enwiki,2024-10-27 03:10:57
1833400114,Stanislav Yeryomin,Monkbot,true,1,enwiki,2024-10-27 03:11:13
1833400218,Ministry of Energy and Petroleum (Sudan),Ibrahim Old,false,25,enwiki,2024-10-27 03:11:33
1833399704,Draft:Red Blonde Fox,Qwerfjkl (bot),true,26,enwiki,2024-10-27 03:10:15
357993803,Liste der Stolpersteine in Augsburg,GeorgDerReisende,false,1502,dewiki,2024-10-27 03:10:29
1833399913,Žerenk,Monkbot,true,1,enwiki,2024-10-27 03:10:45
1833400008,The Jerry Springer Show,Underclass King,false,50,enwiki,2024-10-27 03:10:56
1833400116,User:Pantarch,Pantarch,false,32,enwiki,2024-10-27 03:11:16
1833399706,Walter J. Trybulski,98.228.137.44,false,243,enwiki,2024-10-27 03:10:16
357993802,Thon (Familienname),Thorstn11,false,36,dewiki,2024-10-27 03:10:29
1833399804,"Lehigh County, Pennsylvania",MusikBot II,true,-22,enwiki,2024-10-27 03:10:25
1833399917,1934 Ohio gubernatorial election,Indylover2010,false,34,enwiki,2024-10-27 03:10:45
357993807,McDonnell Douglas DC-10,BrunoBoehmler,false,1,dewiki,2024-10-27 03:10:49
1833400011,Wikipedia:Version 1.0 Editorial Team/Bahrain articles by quality log,WP 1.0 bot,true,5899,enwiki,2024-10-27 03:10:59
1833399711,"Ashante \"Thee\" Adonis",MusikBot II,true,-10,enwiki,2024-10-27 03:10:16
1833399809,Wikipedia:WikiProject Women in Green/DYK/2021 DYK Blurbs,JL-Bot,true,192,enwiki,2024-10-27 03:10:29
1833400012,The Newlywed Wants a House,Lord Cornwallis,false,210,enwiki,2024-10-27 03:11:00
1833399713,Lalonquette,Monkbot,true,1,enwiki,2024-10-27 03:10:16
1833399818,Settlements of the Cucuteni–Trypillia culture,LR.127,false,27,enwiki,2024-10-27 03:10:31
357993809,Liste der Pseudobasiliken in Deutschland,Wiegels,false,0,dewiki,2024-10-27 03:10:52
1833400013,Fourth German Inner Africa Research Expedition,2601:247:4580:BE10:BE38:16ED:8D12:775A,false,-97,enwiki,2024-10-27 03:10:58
357993811,James Pitcairn-Knowles,Antonsusi,false,45,dewiki,2024-10-27 03:11:05
357993812,Bürgerbräukeller,BrunoBoehmler,false,-1,dewiki,2024-10-27 03:11:13
1833400200,A Very Trainor Christmas,NarayanaElchana,false,329,enwiki,2024-10-27 03:11:27
1833399716,Southeast Airlines,76.72.11.172,false,50,enwiki,2024-10-27 03:10:19
357993805,McDonnell Douglas DC-10,BrunoBoehmler,false,1,dewiki,2024-10-27 03:10:39
1833400015,Champagnat-le-Jeune,Monkbot,true,1,enwiki,2024-10-27 03:10:57
1833400106,Wikipedia:Version 1.0 Editorial Team/Baltimore articles by quality log,WP 1.0 bot,true,-615,enwiki,2024-10-27 03:11:13
1833400202,Talk:Republican Party (United States),Completely Random Guy,false,615,enwiki,2024-10-27 03:11:25
1833399718,B-Fab,MusikBot II,true,-10,enwiki,2024-10-27 03:10:18
357993810,Benutzer Diskussion:SalleWinter,SalleWinter,false,152,dewiki,2024-10-27 03:11:00
1833400105,Instruments of Destruction,Mika1h,false,22,enwiki,2024-10-27 03:11:13
1833400207,Starovice,Monkbot,true,1,enwiki,2024-10-27 03:11:29
1833399719,2024 Ole Miss Rebels football team,Youcantstoptheswift,false,304,enwiki,2024-10-27 03:10:17
1833399900,São Romão,Nubia86,false,28,enwiki,2024-10-27 03:10:43
1833400016,Baja California,IggyKoopa408,false,-12,enwiki,2024-10-27 03:10:57
1833400107,Poverty in Australia,Knightyouafool,false,6,enwiki,2024-10-27 03:11:12
1833400208,Pierre Benoît Dumas,Audrey Bellah,false,0,enwiki,2024-10-27 03:11:31
1833399905,Instruments of Destruction,Mika1h,false,542,enwiki,2024-10-27 03:10:45
1833400017,Ian Burgham,BD2412,false,3,enwiki,2024-10-27 03:11:00
1833400109,Draft:Tracy Dixon-Salazar,New poltics,false,-1616,enwiki,2024-10-27 03:11:13
1833400209,User:WP 1.0 bot/Tables/Project/Austria,WP 1.0 bot,true,0,enwiki,2024-10-27 03:11:31
1833400313,Wikipedia:Version 1.0 Editorial Team/Batman articles by quality log,WP 1.0 bot,true,-799,enwiki,2024-10-27 03:11:47
1833400501,Ian Crocker,BD2412,false,-1,enwiki,2024-10-27 03:12:06
1833400617,Roman Catholic Diocese of Vannes,Vicedomino,false,5741,enwiki,2024-10-27 03:12:29
1833400807,Fort Kochi,Dmoore5556,false,131,enwiki,2024-10-27 03:12:56
1833400314,Betelgeuse,Coalcity58,false,-10,enwiki,2024-10-27 03:11:35
1833400509,Noueilles,Monkbot,true,1,enwiki,2024-10-27 03:12:09
1833400619,First Cymru,Crib.goch91,false,100,enwiki,2024-10-27 03:12:29
1833400700,It Was a Very Good Year,BD2412,false,13,enwiki,2024-10-27 03:12:39
1833400810,1934 Ohio gubernatorial election,Indylover2010,false,29,enwiki,2024-10-27 03:12:56
1833400315,OLM (studio),173.189.18.207,false,0,enwiki,2024-10-27 03:11:43
1833400404,Wikipedia:Version 1.0 Editorial Team/Boston Celtics articles by quality log,WP 1.0 bot,true,480,enwiki,2024-10-27 03:11:59
1833400511,Sharon Solwitz,Rynb99,false,6,enwiki,2024-10-27 03:12:12
1833400706,Wikipedia:Version 1.0 Editorial Team/Belarus articles by quality log,WP 1.0 bot,true,-1446,enwiki,2024-10-27 03:12:42
1833400316,2024 UT Martin Skyhawks football team,Motdattan,false,765,enwiki,2024-10-27 03:11:45
357993818,Ironman Hawaii,Janne47,false,85,dewiki,2024-10-27 03:11:45
1833400405,Dharsha Gupta,101.189.11.78,false,238,enwiki,2024-10-27 03:11:59
1833400515,List of country music performers,Binksternet,false,57,enwiki,2024-10-27 03:12:09
1833400708,Lestrade-et-Thouels,Monkbot,true,1,enwiki,2024-10-27 03:12:39
1833400317,Porsche Carrera Cup Germany,LR.127,false,47,enwiki,2024-10-27 03:11:45
1833400407,The Point at Carlisle Plaza,TenPoundHammer,false,145,enwiki,2024-10-27 03:11:58
1833400713,Wikipedia:Version 1.0 Editorial Team/Bermuda articles by quality log,WP 1.0 bot,true,654,enwiki,2024-10-27 03:12:43
357993813,Bruno Mars,Gerhardbeck,false,-63,dewiki,2024-10-27 03:11:35
1833400406,Talk:The Yellow Crucifixion,Mistico Dois,false,-21,enwiki,2024-10-27 03:11:59
1833400603,Wikipedia:WikiProject Medicine/Discussions,Reports bot,true,23,enwiki,2024-10-27 03:12:28
1833400715,User talk:209.95.133.28,VolatileAnomaly,false,1768,enwiki,2024-10-27 03:12:43
1833400801,Susady-Ebalak,Monkbot,true,2,enwiki,2024-10-27 03:12:56
357993817,Janka-Härte-Test,LennBr,false,108,dewiki,2024-10-27 03:11:46
1833400411,Kurt Vonnegut,Susan514,false,95,enwiki,2024-10-27 03:11:55
1833400602,Hostouň (Domažlice District),Monkbot,true,1,enwiki,2024-10-27 03:12:25
1833400802,Talk:Nicolò Bertucci Contarini,Wizardman,false,62,enwiki,2024-10-27 03:12:57
1833400310,List of census-designated places in Texas,Patapsco913,false,17,enwiki,2024-10-27 03:11:34
1833400415,2021 Abierto Zapopan – Singles,Citation bot,true,20,enwiki,2024-10-27 03:11:58
1833400606,Wikipedia:Version 1.0 Editorial Team/Bendigo articles by quality log,WP 1.0 bot,true,-411,enwiki,2024-10-27 03:12:29
1833400803,Woolly mammoth,FunkMonk,false,-9,enwiki,2024-10-27 03:12:49
1833400309,Wikipedia:Village pump (miscellaneous),WhatamIdoing,false,184,enwiki,2024-10-27 03:11:45
1833400417,Bierutów,Monkbot,true,1,enwiki,2024-10-27 03:11:59
1833400610,Agroha Dham,Hargoa,false,1913,enwiki,2024-10-27 03:12:27
1833400805,DXKS-FM (CDO),Vineyard93,false,-440,enwiki,2024-10-27 03:12:57
1833400311,Talk:Japan,Remsense,false,475,enwiki,2024-10-27 03:11:42
357993819,Benutzer Diskussion:ME-Connect,Lutheraner,false,1707,dewiki,2024-10-27 03:11:57
1833400500,Lake Ellesmere / Te Waihora,Alexeyevitch,false,50,enwiki,2024-10-27 03:12:10
1833400614,Mark Babic,HariManuel97,false,407,enwiki,2024-10-27 03:12:28
1833400808,Wikipedia:WikiProject Skepticism/Discussions,Reports bot,true,29,enwiki,2024-10-27 03:12:58
1833401114,2024 South Dakota Amendment G,C. W. Edward,false,7,enwiki,2024-10-27 03:13:43
1833401304,Šmotiškiai,Monkbot,true,1,enwiki,2024-10-27 03:14:17
1833400908,Kayli Mills,85.255.232.118,false,-7,enwiki,2024-10-27 03:13:09
1833401119,Sochaczew County,Monkbot,true,1,enwiki,2024-10-27 03:13:45
1833401306,JM Productions,Demt1298,false,-50,enwiki,2024-10-27 03:14:18
1833400909,Németkér,Monkbot,true,1,enwiki,2024-10-27 03:13:11
1833401100,Mikołów County,Monkbot,true,1,enwiki,2024-10-27 03:13:42
1833401118,User:Pantarch,Pantarch,false,-47,enwiki,2024-10-27 03:13:47
1833401201,"Western Front electoral district (Russian Constituent Assembly election, 1917)",Monkbot,true,1,enwiki,2024-10-27 03:13:54
1833401305,2024 South Dakota Amendment G,C. W. Edward,false,-1,enwiki,2024-10-27 03:14:16
1833400910,Shamann Walton,Mike Linksvayer,false,2,enwiki,2024-10-27 03:13:11
1833401203,Wikipedia:Version 1.0 Editorial Team/Baseball articles by quality log,WP 1.0 bot,true,-8378,enwiki,2024-10-27 03:13:54
1833401310,Closer (The Chainsmokers song),2A02:C7C:D2B4:E400:E106:164C:4E5F:8BC4,false,60,enwiki,2024-10-27 03:14:11
1833400911,43rd Parliament of Ontario,RedBlueGreen93,false,22,enwiki,2024-10-27 03:13:11
1833401003,Ismail al-Faruqi,DrunkenJoe,false,6,enwiki,2024-10-27 03:13:25
1833401101,Jay Scrubb,Koolcatz34,false,0,enwiki,2024-10-27 03:13:43
1833401205,2024–25 Eastern Counties Football League,JpTheNotSoSuperior,false,0,enwiki,2024-10-27 03:13:55
1833401311,Pang Wei,SmartyPants22,false,234,enwiki,2024-10-27 03:14:19
1833400914,User:WP 1.0 bot/Tables/Project/Bihar,WP 1.0 bot,true,91,enwiki,2024-10-27 03:13:13
1833401006,Wikipedia:Teahouse,TansoShoshen,false,386,enwiki,2024-10-27 03:13:26
1833401107,Wikipedia:Contributor copyright investigations/LupEnd007,MrLinkinPark333,false,237,enwiki,2024-10-27 03:13:44
1833401206,BET Her,24.46.60.115,false,27,enwiki,2024-10-27 03:13:54
1833401313,B.A. Johnston,F3ndot,false,129,enwiki,2024-10-27 03:14:19
1833400917,Royal Botanic Gardens Victoria,Fork99,false,13,enwiki,2024-10-27 03:13:13
1833401106,Selby (UK Parliament constituency),Jeremy Hulber,false,-15,enwiki,2024-10-27 03:13:42
1833401404,2024 Categoría Primera A season,CodeMars04,false,165,enwiki,2024-10-27 03:14:27
1833400916,J. Larry Jameson,GuardianH,false,0,enwiki,2024-10-27 03:13:13
1833401010,Talk:Texas Institute of Technology and Science,Horse Eye's Back,false,49,enwiki,2024-10-27 03:13:29
1833401209,KNR Pureo7-200 class locomotives,Opolito,false,-26,enwiki,2024-10-27 03:13:57
1833401405,Fedotovsky,Monkbot,true,1,enwiki,2024-10-27 03:14:30
1833401013,Wikipedia:Version 1.0 Editorial Team/Biography (peerage) articles by quality log,WP 1.0 bot,true,67,enwiki,2024-10-27 03:13:30
1833401112,1936 Ohio gubernatorial election,Indylover2010,false,51,enwiki,2024-10-27 03:13:43
1833401213,"Ural, Uchalinsky District, Republic of Bashkortostan",Monkbot,true,1,enwiki,2024-10-27 03:13:57
1833401417,Pineapple production in Taiwan,72.194.78.211,false,5,enwiki,2024-10-27 03:14:32
1833401014,Norfolk and Western 2174,Someone who likes train writing,false,366,enwiki,2024-10-27 03:13:29
1833401111,File:Buffalo Memorial Auditorium Logo.jpg,Minorax,false,-245,enwiki,2024-10-27 03:13:46
1833401303,Nose piercing,Audrey Bellah,false,10,enwiki,2024-10-27 03:14:16
1833401418,Wikipedia:WikiProject Women in Red/DYK,JL-Bot,true,875,enwiki,2024-10-27 03:14:23
1833401513,JD Vance,Wozal,false,-4,enwiki,2024-10-27 03:14:41
1833401602,Sergei Nemchinov,Monkbot,true,1,enwiki,2024-10-27 03:15:04
1833401710,Alec Jeffreys,Rasteem,false,-1,enwiki,2024-10-27 03:15:16
1833401800,Template:Maine Celtics current roster,Koolcatz34,false,39,enwiki,2024-10-27 03:15:36
1833401904,Slow Dancing (Lindsey Buckingham song),Dobbyelf62,false,-3,enwiki,2024-10-27 03:15:48
1833402010,Tri Martolod,HouseBlaster,false,12,enwiki,2024-10-27 03:16:00
1833401515,Brett Cooper (commentator),Techoliver298,false,212,enwiki,2024-10-27 03:14:52
1833401604,1936 Ohio gubernatorial election,Indylover2010,false,64,enwiki,2024-10-27 03:15:05
1833401803,Pythia's Oasis,Salmoonlight,false,29,enwiki,2024-10-27 03:15:34
1833401905,Talk:E.T. the Extra-Terrestrial,FACBot,true,113,enwiki,2024-10-27 03:15:44
1833402014,User:Phibeatrice,Jenny8lee,false,41,enwiki,2024-10-27 03:16:01
1833401519,Draft:HD 190655,AluminiumWithAnI,false,3653,enwiki,2024-10-27 03:14:51
1833401806,Talk:Craters of the Moon National Monument and Preserve,FACBot,true,113,enwiki,2024-10-27 03:15:33
1833401909,Luis Muñoz Marín International Airport,Khaled98,false,-304,enwiki,2024-10-27 03:15:47
1833402015,User talk:Karnataka,Midnights1989,false,223,enwiki,2024-10-27 03:16:00
1833401605,Jang Seong-man,Seefooddiet,false,-456,enwiki,2024-10-27 03:15:05
1833401809,User:Du Macedo/sandbox,Du Macedo,false,185,enwiki,2024-10-27 03:15:22
1833402018,Trasna na dTonnta,HouseBlaster,false,12,enwiki,2024-10-27 03:16:00
1833401606,Iodine-129,BD2412,false,1,enwiki,2024-10-27 03:15:06
1833401703,Robert Trajkovski,HariManuel97,false,1,enwiki,2024-10-27 03:15:18
1833401810,Draft:God of War (fanfic),Qwerfjkl (bot),true,26,enwiki,2024-10-27 03:15:36
1833401704,1936 Ohio gubernatorial election,Indylover2010,false,32,enwiki,2024-10-27 03:15:16
1833401811,Jang Seong-man,Seefooddiet,false,31,enwiki,2024-10-27 03:15:34
1833401616,Mercury – Acts 1 & 2,Pauldbaker95,false,-10,enwiki,2024-10-27 03:15:06
1833401701,Talk:United States,Brusquedandelion,false,438,enwiki,2024-10-27 03:15:10
1833401813,List of deprecated terms for diseases,BrendonChou,false,600,enwiki,2024-10-27 03:15:36
1833402000,"Castagnède, Haute-Garonne",Monkbot,true,1,enwiki,2024-10-27 03:15:56
1833401509,The Hope College Pull,CarterSchmelz61,false,-192,enwiki,2024-10-27 03:14:51
1833401618,Priyanga Amarasekare,GuardianH,false,1,enwiki,2024-10-27 03:15:08
1833401705,Stitches (2012 film),189.28.75.222,false,-29,enwiki,2024-10-27 03:15:17
1833401815,Spathobatis,Monkbot,true,2,enwiki,2024-10-27 03:15:35
1833402005,Tooruktug Dolgay Tangdym,HouseBlaster,false,10,enwiki,2024-10-27 03:15:57
1833401510,Ashley William Joseph,Knightyouafool,false,28,enwiki,2024-10-27 03:14:51
1833401709,Deng Xiaoping's southern tour,SCreditC,false,817,enwiki,2024-10-27 03:15:16
1833401817,Immigration in Honduras,BD2412,false,-7,enwiki,2024-10-27 03:15:37
1833402004,Trágala,HouseBlaster,false,12,enwiki,2024-10-27 03:15:59
1833401514,Railway sabotage during World War II,Monkbot,true,1,enwiki,2024-10-27 03:14:51
1833401603,Line 4 (Sistema de Tren Eléctrico Urbano),Citation bot,true,49,enwiki,2024-10-27 03:15:02
1833401708,Priyanga Amarasekare,GuardianH,false,0,enwiki,2024-10-27 03:15:19
1833401902,2024 Charlottesville Men's Pro Challenger – Singles,Adamtt9,false,570,enwiki,2024-10-27 03:15:48
1833402007,Toss the Feathers,HouseBlaster,false,10,enwiki,2024-10-27 03:15:59
1833402110,Soyuz MS,71.235.128.67,false,-2,enwiki,2024-10-27 03:16:04
1833402300,Ice hockey at the Winter World University Games,2804:14C:658F:4119:7C9C:A434:23AA:7DAD,false,1346,enwiki,2024-10-27 03:16:19
1833402612,Young Morgan,HouseBlaster,false,12,enwiki,2024-10-27 03:16:46
1833402709,2024–25 Liga Portugal 2,Secretaria,false,0,enwiki,2024-10-27 03:16:55
1833402115,Up Went Nelson,HouseBlaster,false,11,enwiki,2024-10-27 03:16:06
1833402301,The Wayfaring Stranger (song),HouseBlaster,false,12,enwiki,2024-10-27 03:16:19
1833402500,Wikipedia:Village pump (miscellaneous),WhatamIdoing,false,301,enwiki,2024-10-27 03:16:35
1833402601,File:Oregon Lightning.png,VyveGuy1,false,-37,enwiki,2024-10-27 03:16:46
1833402619,Young Ronald,HouseBlaster,false,10,enwiki,2024-10-27 03:16:46
1833402712,Analmaye,97.116.160.235,false,-137,enwiki,2024-10-27 03:16:59
1833402111,Hualien County,Oloddin,false,17,enwiki,2024-10-27 03:16:04
1833402302,William D. Hoard,M4V3R1CK32,false,137,enwiki,2024-10-27 03:16:17
1833402504,A Wise Old Owl,HouseBlaster,false,12,enwiki,2024-10-27 03:16:37
1833402602,User:B512251/Matrix product state,B125181,false,534,enwiki,2024-10-27 03:16:43
1833402714,Petrodvortsovy District,Monkbot,true,1,enwiki,2024-10-27 03:16:58
1833402100,Up the U's,HouseBlaster,false,12,enwiki,2024-10-27 03:16:05
1833402117,"Ustani, bane",HouseBlaster,false,10,enwiki,2024-10-27 03:16:06
1833402305,We Are Climbing Jacob's Ladder,HouseBlaster,false,12,enwiki,2024-10-27 03:16:21
1833402508,Environmental Defenders Office,Softpillow3,false,485,enwiki,2024-10-27 03:16:37
1833402603,User:SDZeroBot/G13 soon,SDZeroBot,true,11333,enwiki,2024-10-27 03:16:39
1833402718,User:HypeBoy/Userboxes,HypeBoy,false,277,enwiki,2024-10-27 03:17:00
1833402101,Uppå källarbacken,HouseBlaster,false,12,enwiki,2024-10-27 03:16:05
1833402202,Talk:Gelcoat,OpalYosutebito,false,8,enwiki,2024-10-27 03:16:12
1833402306,Wee Cooper O'Fife,HouseBlaster,false,12,enwiki,2024-10-27 03:16:21
1833402510,Wikipedia:WikiProject Women in Red/Members,Reports bot,true,104,enwiki,2024-10-27 03:16:29
1833402606,Young Johnstone,HouseBlaster,false,12,enwiki,2024-10-27 03:16:45
1833402700,Draft:Louis René Barrera Indiangrass Wildlife Sanctuary,LIUCWisshorn24,false,-17,enwiki,2024-10-27 03:16:57
1833402104,2024 Sport Club Internacional season,Claudiogostoso,false,194,enwiki,2024-10-27 03:16:01
1833402200,"Our Lady of Mount Carmel Church (Wyandotte, Michigan)",Monkbot,true,1,enwiki,2024-10-27 03:16:10
1833402307,Eleni Tsaligopoulou,Monkbot,true,1,enwiki,2024-10-27 03:16:20
1833402402,Luis Muñoz Marín International Airport,Khaled98,false,-2,enwiki,2024-10-27 03:16:27
1833402514,Xekina Mia Psaropoula,HouseBlaster,false,12,enwiki,2024-10-27 03:16:37
1833402608,Wikipedia:Version 1.0 Editorial Team/Biology articles by quality log,WP 1.0 bot,true,1998,enwiki,2024-10-27 03:16:46
1833402702,User:Vauia Rex/sandbox/Budapest politics,Vauia Rex,false,523,enwiki,2024-10-27 03:16:56
1833402107,Wikipedia:WikiProject Women scientists/Did you know,JL-Bot,true,128,enwiki,2024-10-27 03:15:59
1833402201,User:Doug butler/T. S. B. Woodfull,Doug butler,false,555,enwiki,2024-10-27 03:16:12
1833402311,Ian Darling,BD2412,false,14,enwiki,2024-10-27 03:16:20
1833402404,The White Rose (song),HouseBlaster,false,12,enwiki,2024-10-27 03:16:30
1833402516,Yaman Ayşem,HouseBlaster,false,10,enwiki,2024-10-27 03:16:37
1833402605,XVIII Corps (German Empire),Monkbot,true,1,enwiki,2024-10-27 03:16:44
1833402705,Smalltown Boy,2A02:C7C:D2B4:E400:E106:164C:4E5F:8BC4,false,86,enwiki,2024-10-27 03:16:54
1833402106,Wang Zhiwei,SmartyPants22,false,214,enwiki,2024-10-27 03:16:05
1833402204,Pakistan Tehreek-e-Insaf,Titan2456,false,6,enwiki,2024-10-27 03:16:04
1833402314,The Wee Wee Man,HouseBlaster,false,10,enwiki,2024-10-27 03:16:22
1833402405,Mi Macro Periférico,Citation bot,true,19,enwiki,2024-10-27 03:16:27
1833402517,Talk That Talk (Twice song),Random86,false,6,enwiki,2024-10-27 03:16:37
1833402609,Wikipedia:Version 1.0 Editorial Team/Biography (actors and filmmakers) articles by quality log,WP 1.0 bot,true,71370,enwiki,2024-10-27 03:16:42
1833402704,Build Me Up Buttercup,Letterman72,false,255,enwiki,2024-10-27 03:16:56
1833402108,Template:Did you know nominations/Marina Kondratyeva2,Narutolovehinata5,false,712,enwiki,2024-10-27 03:16:07
1833402208,A Virgin Unspotted,HouseBlaster,false,10,enwiki,2024-10-27 03:16:12
1833402406,"Immigration, Asylum and Nationality Act 2006",BD2412,false,12,enwiki,2024-10-27 03:16:29
1833402610,Young Hunting,HouseBlaster,false,12,enwiki,2024-10-27 03:16:45
1833402706,Therapy for a Vampire,Sc2353,false,161,enwiki,2024-10-27 03:16:57
1833402109,Buddy Holly,Binksternet,false,-478,enwiki,2024-10-27 03:16:03
1833402212,Bound for Glory (2020),DepressedPer,false,-4,enwiki,2024-10-27 03:16:12
1833402413,The Whummil Bore,HouseBlaster,false,11,enwiki,2024-10-27 03:16:30
1833402611,TVN (Polish TV channel),Dawnseeker2000,false,-18,enwiki,2024-10-27 03:16:45
1833402707,Template:Maine Celtics roster,Koolcatz34,false,-2,enwiki,2024-10-27 03:16:58
1833402819,"Łąkie, West Pomeranian Voivodeship",Monkbot,true,1,enwiki,2024-10-27 03:17:19
1833402917,First Lady of Russia,LR.127,false,1,enwiki,2024-10-27 03:17:43
1833403015,Smalltown Boy,2A02:C7C:D2B4:E400:E106:164C:4E5F:8BC4,false,37,enwiki,2024-10-27 03:17:55
1833403104,Nur ibn Mujahid,198.161.51.146,false,0,enwiki,2024-10-27 03:18:15
1833403209,FBI National Academy,LR.127,false,69,enwiki,2024-10-27 03:18:29
1833403319,House of Holstein-Gottorp (Swedish line),LR.127,false,48,enwiki,2024-10-27 03:18:44
1833402900,Wikipedia:Version 1.0 Editorial Team/Australia articles by quality log,WP 1.0 bot,true,-86319,enwiki,2024-10-27 03:17:28
1833402918,Jack the Ripper in fiction,Wabbuh,false,33,enwiki,2024-10-27 03:17:41
1833403016,Talk:October 2024 Israeli strikes on Iran,Bitspectator,false,300,enwiki,2024-10-27 03:17:56
1833403105,Wikipedia:Articles for deletion/Umar Farooq Zahoor (2nd nomination),Bosecovey,false,283,enwiki,2024-10-27 03:18:16
1833403211,The Babys,Binksternet,false,-369,enwiki,2024-10-27 03:18:28
1833402803,User talk:PhD2005,Captainllama,false,337,enwiki,2024-10-27 03:17:16
1833402903,Jetřichovice,Monkbot,true,1,enwiki,2024-10-27 03:17:38
1833402919,"Zelena, Buchach urban hromada, Chortkiv Raion, Ternopil Oblast",Monkbot,true,2,enwiki,2024-10-27 03:17:42
1833403017,61st New Brunswick Legislature,RedBlueGreen93,false,65,enwiki,2024-10-27 03:17:58
357993902,Star Alliance,BrunoBoehmler,false,-1,dewiki,2024-10-27 03:18:06
1833403108,Wikipedia:Version 1.0 Editorial Team/Bosnia and Herzegovina articles by quality log,WP 1.0 bot,true,1268,enwiki,2024-10-27 03:18:17
1833403213,File:SanDiegoFriarsWTTteamlogo1976-1978.jpg,Minorax,false,-232,enwiki,2024-10-27 03:18:30
357993900,Formel-1-Weltmeisterschaft 2024,JayRizzy1992,false,81,dewiki,2024-10-27 03:17:49
1833403018,Villefranche-de-Rouergue,Monkbot,true,1,enwiki,2024-10-27 03:17:55
1833403106,File:BaltimoreBannersWTTlogo.jpg,Minorax,false,-231,enwiki,2024-10-27 03:18:17
1833403217,Wikipedia:Version 1.0 Editorial Team/Boston Celtics articles by quality log,WP 1.0 bot,true,-480,enwiki,2024-10-27 03:18:31
1833403305,Istituto superiore regionale etnografico,BD2412,false,0,enwiki,2024-10-27 03:18:43
1833402804,User:AmandaNP/unblock table,DeltaQuadBot,true,-539,enwiki,2024-10-27 03:17:17
1833402905,Pyramid (Modern Jazz Quartet album),Yasuo Miyakawa,false,-21,enwiki,2024-10-27 03:17:41
357993901,Star Alliance,BrunoBoehmler,false,-98,dewiki,2024-10-27 03:17:57
1833403111,George I of Brieg,Monkbot,true,1,enwiki,2024-10-27 03:18:16
1833403306,User:WP 1.0 bot/Tables/Project/Botswana,WP 1.0 bot,true,-95,enwiki,2024-10-27 03:18:42
1833402808,Bethan Roe,RossEvans19,false,245,enwiki,2024-10-27 03:17:17
1833402906,2024 Ole Miss Rebels football team,Youcantstoptheswift,false,0,enwiki,2024-10-27 03:17:38
1833403003,Wikipedia talk:WikiProject United States,2600:1000:B122:8D47:2595:7398:EFB4:CE3F,false,513,enwiki,2024-10-27 03:17:52
357993903,Lichtsteuerung,94.31.81.109,false,16,dewiki,2024-10-27 03:18:18
357993904,Michael Dorman,SweJoFu,false,60,dewiki,2024-10-27 03:18:21
1833403307,Gazapizm,RanaPirata,false,5,enwiki,2024-10-27 03:18:43
1833402809,Alrance,Monkbot,true,1,enwiki,2024-10-27 03:17:15
1833402910,Snow White and the Evil Queen,Techoliver298,false,-316,enwiki,2024-10-27 03:17:43
1833403001,Tungsten steel,Snozzlewanger,false,49,enwiki,2024-10-27 03:17:56
1833403113,Ice hockey at the Winter World University Games,2804:14C:658F:4119:7C9C:A434:23AA:7DAD,false,9164,enwiki,2024-10-27 03:18:15
1833403308,Wikipedia:Version 1.0 Editorial Team/Botswana articles by quality log,WP 1.0 bot,true,-2742,enwiki,2024-10-27 03:18:45
1833402815,List of high school football rivalries more than 100 years old,Thered&black,false,0,enwiki,2024-10-27 03:17:16
1833402911,Noritsu,Vilmar Simson,false,192,enwiki,2024-10-27 03:17:43
1833403007,User:Artemis Andromeda/sandbox/park2,Artemis Andromeda,false,315,enwiki,2024-10-27 03:17:57
1833403100,Shiba Inu,SunnyTango,false,-9,enwiki,2024-10-27 03:18:13
1833403116,Snow White and the Evil Queen,Techoliver298,false,268,enwiki,2024-10-27 03:18:17
1833403309,Jay Kim,Seefooddiet,false,-10,enwiki,2024-10-27 03:18:41
1833402817,Priyanga Amarasekare,GuardianH,false,-1,enwiki,2024-10-27 03:17:20
1833402912,Islamic Republic of Iran Skating Federation,Haft Haftad,false,15,enwiki,2024-10-27 03:17:41
1833403008,It's Raining (album),BD2412,false,3,enwiki,2024-10-27 03:17:55
1833403101,User:WP 1.0 bot/Tables/Project/Bosnia and Herzegovina,WP 1.0 bot,true,0,enwiki,2024-10-27 03:18:15
1833403117,Jay Kim,Seefooddiet,false,38,enwiki,2024-10-27 03:18:15
1833403200,Wikipedia talk:WikiProject United States,Remsense,false,-513,enwiki,2024-10-27 03:18:28
357993905,Ivan Softa,Guslar,false,43,dewiki,2024-10-27 03:18:34
357993906,Republikanische Partei,Andol,false,-683,dewiki,2024-10-27 03:18:29
1833403311,File:ATP Tour logo.svg,Minorax,false,-241,enwiki,2024-10-27 03:18:44
1833402818,Robert Maverick,Al Gattany,false,2439,enwiki,2024-10-27 03:17:19
1833402913,Kim Cheong-yong,SmartyPants22,false,166,enwiki,2024-10-27 03:17:43
1833403014,Heart of Stone (2023 film),Lililolol,false,1031,enwiki,2024-10-27 03:17:56
1833403102,Club DeLisa,AnomieBOT,true,18,enwiki,2024-10-27 03:18:15
1833403118,Vatican City,173.48.75.148,false,43,enwiki,2024-10-27 03:18:05
1833403203,User:Lucidpp,Lucidpp,false,92,enwiki,2024-10-27 03:18:31
1833403316,Wikipedia:WikiProject Articles for creation/Help desk,Fabdal,false,788,enwiki,2024-10-27 03:18:37
1833403409,File:BNP Paribas Showdown 10th.png,Minorax,false,8,enwiki,2024-10-27 03:19:05
1833403611,Esther-Mirjam Sent,Perspicax,false,59,enwiki,2024-10-27 03:19:36
1833403717,User:Cyberbot I/Requests for unblock report,Cyberbot I,true,18,enwiki,2024-10-27 03:19:53
1833403816,2020–2022 catalytic converter theft ring,IntentionallyDense,false,4,enwiki,2024-10-27 03:20:10
357993909,Liste der Besatzungsmitglieder der Bounty,77.8.86.40,false,0,dewiki,2024-10-27 03:18:59
1833403408,"Trinity College, Cambridge",Jean-de-Nivelle,false,-960,enwiki,2024-10-27 03:19:02
1833403612,User:Nadin-WSU/Politician/Bibliography,Nadin-WSU,false,466,enwiki,2024-10-27 03:19:38
1833403719,Macular degeneration,Trex32,false,2028,enwiki,2024-10-27 03:19:48
1833403802,Albury Botanic Gardens,Fork99,false,-4,enwiki,2024-10-27 03:20:07
1833403817,Nizhniye Termy,Monkbot,true,2,enwiki,2024-10-27 03:20:10
1833403410,Wikipedia:Version 1.0 Editorial Team/Biography (musicians) articles by quality log,WP 1.0 bot,true,-8437,enwiki,2024-10-27 03:18:58
1833403806,Wikipedia:Version 1.0 Editorial Team/British comics articles by quality log,WP 1.0 bot,true,815,enwiki,2024-10-27 03:20:09
357993910,1. BC Beuel,BrunoBoehmler,false,0,dewiki,2024-10-27 03:19:00
1833403411,1938 Ohio gubernatorial election,Indylover2010,false,34,enwiki,2024-10-27 03:19:03
357993914,1. BC Beuel,BrunoBoehmler,false,16,dewiki,2024-10-27 03:19:14
1833403503,Oskar Dirlewanger,Reaper1945,false,42,enwiki,2024-10-27 03:19:19
1833403700,Draft:Louis René Barrera Indiangrass Wildlife Sanctuary,LIUCWisshorn24,false,-12,enwiki,2024-10-27 03:19:51
1833403807,Eymet,Monkbot,true,1,enwiki,2024-10-27 03:20:06
1833403415,User:Artemis Andromeda/sandbox/park2,Artemis Andromeda,false,-84,enwiki,2024-10-27 03:19:07
357993913,Amtsgericht Muskau,Wilske,false,21,dewiki,2024-10-27 03:19:11
1833403507,1938 Ohio gubernatorial election,Indylover2010,false,55,enwiki,2024-10-27 03:19:20
1833403702,User:Discographer/Sports/MMA.,Discographer,false,0,enwiki,2024-10-27 03:19:06
1833403810,Talk:Martha Hughes Cannon,Z1720,false,707,enwiki,2024-10-27 03:20:08
1833403417,Toll-like receptor 10,Teaktl17,false,4,enwiki,2024-10-27 03:19:06
357993916,Großer Preis von Mexiko 2024,JayRizzy1992,false,80,dewiki,2024-10-27 03:19:19
1833403510,Category:Modern Orthodox synagogues in the United States,Rangasyd,false,-2,enwiki,2024-10-27 03:19:24
1833403706,1938 Ohio gubernatorial election,Indylover2010,false,34,enwiki,2024-10-27 03:19:50
1833403811,2016 NFL draft,2600:1702:30:1A50:9434:BF71:F01E:D8F2,false,29,enwiki,2024-10-27 03:19:53
357993912,Klawer,YMS,false,-1,dewiki,2024-10-27 03:19:02
1833403418,Doły Jasielsko-Sanockie,Monkbot,true,2,enwiki,2024-10-27 03:19:05
1833403514,"Vernon Township, New Jersey",2600:4809:21F3:1500:F840:1267:A355:DB0F,false,-13,enwiki,2024-10-27 03:19:17
357993918,Benutzer:Filomusa/MusLabor,Filomusa,false,2,dewiki,2024-10-27 03:19:31
1833403707,Paul Draper (musician),Isaidnoway,false,-3328,enwiki,2024-10-27 03:19:51
1833403419,Aythami Ruano,Zyxw,false,1656,enwiki,2024-10-27 03:19:04
1833403515,Krasnaya (river),Monkbot,true,4,enwiki,2024-10-27 03:19:22
357993919,Republikanische Partei,Andol,false,11,dewiki,2024-10-27 03:19:27
1833403709,Toll-like receptor 10,Teaktl17,false,4,enwiki,2024-10-27 03:19:51
1833403814,Wikipedia:Version 1.0 Editorial Team/British comics articles by quality log,WP 1.0 bot,true,-815,enwiki,2024-10-27 03:20:12
1833403402,La Roque-Gageac,Monkbot,true,1,enwiki,2024-10-27 03:19:01
1833403710,User talk:Doc James,Doc James,false,281,enwiki,2024-10-27 03:19:51
1833403813,Veo cómo cantas (Spanish game show) season 2,Saisønisse,false,-160,enwiki,2024-10-27 03:20:09
1833403403,Newell's Old Boys,Hildreth gazzard,false,59,enwiki,2024-10-27 03:19:00
357993917,Ralph Bellamy,Senechthon,false,-309,dewiki,2024-10-27 03:19:28
1833403604,Nestoras Gekas,Monkbot,true,1,enwiki,2024-10-27 03:19:35
1833403716,Laurence Curtis,98.228.137.44,false,185,enwiki,2024-10-27 03:19:52
1833403815,FK Arkadag,93.140.149.68,false,26,enwiki,2024-10-27 03:20:08
1833404007,Toll-like receptor 10,Teaktl17,false,4,enwiki,2024-10-27 03:20:40
1833404107,User:WP 1.0 bot/Tables/Project/Brunei,WP 1.0 bot,true,0,enwiki,2024-10-27 03:20:59
1833404201,Deaths in 2024,Rusted AutoParts,false,-11,enwiki,2024-10-27 03:21:10
1833404409,User:WP 1.0 bot/Tables/Project/Chad,WP 1.0 bot,true,0,enwiki,2024-10-27 03:21:56
1833404503,2019 Supreme Court verdict on Ayodhya dispute,2A00:5400:E052:11BD:56B:278D:4132:A328,false,2,enwiki,2024-10-27 03:22:06
1833404011,User:WP 1.0 bot/Tables/Project/British Empire,WP 1.0 bot,true,0,enwiki,2024-10-27 03:20:42
1833404108,Derry Intermediate Hurling Championship,169.239.14.155,false,-334,enwiki,2024-10-27 03:20:58
1833404204,Érôme,Monkbot,true,1,enwiki,2024-10-27 03:21:12
1833404313,Commotion Ltd v Rutty,A. B.,false,99,enwiki,2024-10-27 03:21:38
1833404410,Ohaba,Monkbot,true,2,enwiki,2024-10-27 03:21:55
1833404502,Boulevard Lefebvre,Telephone Directory,false,43,enwiki,2024-10-27 03:22:09
1833403916,Boulevard Poniatowski,Telephone Directory,false,36,enwiki,2024-10-27 03:20:26
1833404012,...And You Will Know Us by the Trail of Dead,Binksternet,false,-177,enwiki,2024-10-27 03:20:41
1833404109,Category:Scorpaeniformes genera,Trilletrollet,false,-36,enwiki,2024-10-27 03:21:00
1833404207,Ministry of Energy and Petroleum (Sudan),Ibrahim Old,false,6,enwiki,2024-10-27 03:21:15
1833404316,Dark Tranquillity,Binksternet,false,-125,enwiki,2024-10-27 03:21:35
1833404413,It's a Big Country,BD2412,false,5,enwiki,2024-10-27 03:21:55
1833404504,2024 NASCAR Whelen Modified Tour,Finn Shipley,false,8,enwiki,2024-10-27 03:22:10
1833403918,Minister of State for Defence Procurement and Industry,Dgp4004,false,-9,enwiki,2024-10-27 03:20:26
1833404014,Ministry of Energy and Petroleum (Sudan),Ibrahim Old,false,98,enwiki,2024-10-27 03:20:43
1833404110,Natalia (given name),Srnec,false,161,enwiki,2024-10-27 03:21:00
1833404209,1945 United Kingdom general election,146.199.140.26,false,0,enwiki,2024-10-27 03:21:10
1833404317,Wikipedia:Version 1.0 Editorial Team/California State University articles by quality log,WP 1.0 bot,true,-1922,enwiki,2024-10-27 03:21:39
1833404415,List of teams that have overcome 2–0 series deficits in a best-of-five series,131.247.224.183,false,26,enwiki,2024-10-27 03:21:56
1833404508,Wikipedia:Version 1.0 Editorial Team/Chenab Valley articles by quality log,WP 1.0 bot,true,0,enwiki,2024-10-27 03:22:12
1833403919,User:WP 1.0 bot/Tables/Project/Biography (science and academia),WP 1.0 bot,true,-1,enwiki,2024-10-27 03:20:27
1833404000,"Wikipedia:Articles for deletion/Janney, Indiana",TH1980,false,159,enwiki,2024-10-27 03:20:41
1833404015,Ice hockey at the Winter World University Games,2804:14C:658F:4119:7C9C:A434:23AA:7DAD,false,0,enwiki,2024-10-27 03:20:41
1833404114,Talk:Big Four beauty pageants,Sophies mommy1988,false,399,enwiki,2024-10-27 03:20:59
1833404213,Wikipedia:Version 1.0 Editorial Team/Burkina Faso articles by quality log,WP 1.0 bot,true,95,enwiki,2024-10-27 03:21:16
1833404300,Sainte-Colome,Monkbot,true,1,enwiki,2024-10-27 03:21:31
1833404319,1940 Ohio gubernatorial election,Indylover2010,false,51,enwiki,2024-10-27 03:21:37
1833404418,Barbara Bodichon,MumphingSquirrel,false,0,enwiki,2024-10-27 03:21:56
1833404512,Wikipedia:Version 1.0 Editorial Team/Canadian football articles by quality log,WP 1.0 bot,true,1281,enwiki,2024-10-27 03:22:12
1833404003,Wikipedia:Version 1.0 Editorial Team/British Empire articles by quality log,WP 1.0 bot,true,-9855,enwiki,2024-10-27 03:20:41
1833404018,Wikipedia:Version 1.0 Editorial Team/British royalty articles by quality log,WP 1.0 bot,true,-712,enwiki,2024-10-27 03:20:44
1833404116,Wikipedia:Version 1.0 Editorial Team/Brunei articles by quality log,WP 1.0 bot,true,-2501,enwiki,2024-10-27 03:21:01
1833404214,Agios,Monkbot,true,1,enwiki,2024-10-27 03:21:16
1833404304,Wikipedia:Version 1.0 Editorial Team/Brazil articles by quality log,WP 1.0 bot,true,5826,enwiki,2024-10-27 03:21:34
1833404513,Moonbug Entertainment,WiinterU,false,-9,enwiki,2024-10-27 03:22:10
1833404004,Woolly mammoth,Hemiauchenia,false,36,enwiki,2024-10-27 03:20:34
1833404019,"Clarksville, Tennessee",WhisperToMe,false,628,enwiki,2024-10-27 03:20:41
1833404117,"Frederick August I, Duke of Oldenburg",Monkbot,true,1,enwiki,2024-10-27 03:20:59
1833404216,Anton Webern,MONTENSEM,false,1143,enwiki,2024-10-27 03:21:05
1833404305,Wikipedia:Version 1.0 Editorial Team/Carrom articles by quality log,WP 1.0 bot,true,0,enwiki,2024-10-27 03:21:35
1833404518,Antistrophe,Aiolízō,false,-2,enwiki,2024-10-27 03:22:11
1833404006,Melnitsa Animation Studio,Monkbot,true,1,enwiki,2024-10-27 03:20:39
1833404219,Boulevard Soult,Telephone Directory,false,36,enwiki,2024-10-27 03:21:17
1833404306,Immune electron microscopy,BD2412,false,1,enwiki,2024-10-27 03:21:35
1833404400,"Hardyston Township, New Jersey",2600:4809:21F3:1500:F840:1267:A355:DB0F,false,-27,enwiki,2024-10-27 03:21:54
1833404008,Wikipedia:Version 1.0 Editorial Team/California road transport articles by quality log,WP 1.0 bot,true,0,enwiki,2024-10-27 03:20:42
1833404102,Ibn Taymiyya,2409:40E1:10F9:E421:2811:40FF:FE24:5A49,false,2,enwiki,2024-10-27 03:20:52
1833404202,Wikipedia:Version 1.0 Editorial Team/Buddhism articles by quality log,WP 1.0 bot,true,-1890,enwiki,2024-10-27 03:21:15
1833404307,Aristodemus of Cumae,Monkbot,true,1,enwiki,2024-10-27 03:21:35
1833404402,Wikipedia:Version 1.0 Editorial Team/Canadian comics articles by quality log,WP 1.0 bot,true,-336,enwiki,2024-10-27 03:21:56
1833404005,Wikipedia:Files for discussion/2024 October 26,Innisfree987,false,149,enwiki,2024-10-27 03:20:42
1833404103,Elder Museum of Science and Technology,HirowoWiki,false,6,enwiki,2024-10-27 03:20:59
1833404203,User talk:IntentionallyDense,ChristieBot,true,700,enwiki,2024-10-27 03:21:15
1833404310,User:WP 1.0 bot/Tables/Project/Brazil,WP 1.0 bot,true,0,enwiki,2024-10-27 03:21:36
1833404404,Chesapeake rebellion,Flod logic,false,12,enwiki,2024-10-27 03:21:54
1833404611,Chala Balapoor,Rich Farmbrough,false,220,enwiki,2024-10-27 03:22:32
1833404707,User:WP 1.0 bot/Tables/Project/Caribbean Netherlands,WP 1.0 bot,true,-300,enwiki,2024-10-27 03:22:50
1833404814,User:WP 1.0 bot/Tables/Project/Catalonia,WP 1.0 bot,true,0,enwiki,2024-10-27 03:23:08
1833404918,Björn Kuipers,Perspicax,false,48,enwiki,2024-10-27 03:23:15
1833404613,Krauss-Maffei ML 4000,Stephan Leeds,false,10,enwiki,2024-10-27 03:22:32
1833404711,Wikipedia:Version 1.0 Editorial Team/Caribbean Netherlands articles by quality log,WP 1.0 bot,true,2199,enwiki,2024-10-27 03:22:51
1833404815,Ellen van Wolde,Perspicax,false,48,enwiki,2024-10-27 03:23:07
1833404614,2016 NFL draft,2600:1702:30:1A50:9434:BF71:F01E:D8F2,false,6,enwiki,2024-10-27 03:22:16
1833404712,Apollo Guidance Computer,StarryGrandma,false,-141,enwiki,2024-10-27 03:22:49
1833404802,Ted Janssen,Perspicax,false,48,enwiki,2024-10-27 03:23:05
1833404615,Mediterranean and Middle East theatre of World War II,Jheeeeeeteegh,false,-122,enwiki,2024-10-27 03:22:28
1833404710,User:PARAKANYAA/articles made,PARAKANYAA,false,12,enwiki,2024-10-27 03:22:51
1833404805,User:WP 1.0 bot/Tables/Project/Catalan-speaking countries,WP 1.0 bot,true,0,enwiki,2024-10-27 03:23:06
1833405003,The System (professional wrestling),2804:6EE0:124:701:2516:AE74:7A2B:D530,false,0,enwiki,2024-10-27 03:23:26
1833404804,Hokusai,SunnyTango,false,0,enwiki,2024-10-27 03:23:03
1833405009,Wikipedia talk:WikiProject Formula One,RegalZ8790,false,899,enwiki,2024-10-27 03:23:27
1833404601,Tsarevich Ivan Ivanovich of Russia,VolatileAnomaly,false,-11,enwiki,2024-10-27 03:22:29
1833404713,1940 Ohio gubernatorial election,Indylover2010,false,45,enwiki,2024-10-27 03:22:49
1833404808,Wikipedia:Version 1.0 Editorial Team/Christina Aguilera articles by quality log,WP 1.0 bot,true,0,enwiki,2024-10-27 03:23:08
1833405011,Świętokrzyskie Voivodeship,Monkbot,true,1,enwiki,2024-10-27 03:23:27
1833404602,"Category talk:Songs about Chattanooga, Tennessee",Simeon,false,26,enwiki,2024-10-27 03:22:29
1833404714,Zamia,Donald Albury,false,645,enwiki,2024-10-27 03:22:48
1833404809,Anton van Hooff,Perspicax,false,48,enwiki,2024-10-27 03:23:06
1833405014,Krauss-Maffei ML 4000,Stephan Leeds,false,1,enwiki,2024-10-27 03:23:30
1833404603,"Immaculate Heart of Mary Church (Cleveland, Ohio)",Monkbot,true,1,enwiki,2024-10-27 03:22:27
1833404716,"Pesochnoye, Kursk Oblast",Monkbot,true,1,enwiki,2024-10-27 03:22:50
1833404811,Niels van den Berge,Perspicax,false,48,enwiki,2024-10-27 03:23:06
1833404911,Ann Abraham,Dgp4004,false,-81,enwiki,2024-10-27 03:23:15
1833405015,Wikipedia:Version 1.0 Editorial Team/Climate and environment of Ethiopia articles by quality log,WP 1.0 bot,true,0,enwiki,2024-10-27 03:23:32
1833404604,Rosvodokanal,Monkbot,true,1,enwiki,2024-10-27 03:22:30
1833404715,"Sweeney Hall, Shropshire",Maypm,false,35,enwiki,2024-10-27 03:22:52
1833404912,Tzimtzum,93.38.64.236,false,36,enwiki,2024-10-27 03:23:15
1833405016,Microwave analog signal processing,Nikfal,false,-17,enwiki,2024-10-27 03:23:30
1833404610,Jean Roussel,Rouja1,false,0,enwiki,2024-10-27 03:22:30
1833404718,User:WP 1.0 bot/Tables/Project/Carnivorous plant,WP 1.0 bot,true,284,enwiki,2024-10-27 03:22:53
1833404813,Wikipedia talk:WikiProject Snooker/Archives/2024/July,ClueBot III,true,2680,enwiki,2024-10-27 03:23:08
1833404919,Valeriu Pantazi,Perspicax,false,48,enwiki,2024-10-27 03:23:17
1833405017,John Straffen,Kieronoldham,false,401,enwiki,2024-10-27 03:23:30
1833405211,Category:Tag video games,GreekApple123,false,32,enwiki,2024-10-27 03:24:08
1833405318,Wikipedia:Version 1.0 Editorial Team/Central America articles by quality log,WP 1.0 bot,true,-2032,enwiki,2024-10-27 03:24:24
1833405406,User:MacronMonitor/Alerts,MacronMonitor,false,252,enwiki,2024-10-27 03:24:41
1833405506,Smržovka,Monkbot,true,3,enwiki,2024-10-27 03:25:01
1833405213,Pouyastruc,Monkbot,true,1,enwiki,2024-10-27 03:24:05
1833405509,User:WP 1.0 bot/Tables/Project/Chennai,WP 1.0 bot,true,0,enwiki,2024-10-27 03:25:05
1833405600,2019 Supreme Court verdict on Ayodhya dispute,2A00:5400:E052:11BD:56B:278D:4132:A328,false,5,enwiki,2024-10-27 03:25:14
1833405214,Iron Man's armor,2600:1702:5609:5C00:2958:80C:4F8:FB6F,false,25,enwiki,2024-10-27 03:24:07
1833405510,Las Nubes,Beltsfortheboys,false,-11,enwiki,2024-10-27 03:25:04
1833405601,Helena (daughter of Alypius),Monkbot,true,1,enwiki,2024-10-27 03:25:16
1833405102,Bolsheglushitsky District,Monkbot,true,1,enwiki,2024-10-27 03:23:46
1833405217,World Dog Show,Pisarz12345,false,23,enwiki,2024-10-27 03:24:09
1833405511,High Court of Justice,Dgp4004,false,-9,enwiki,2024-10-27 03:25:04
1833405602,Kwon Eun-ji,Oceanh,false,592,enwiki,2024-10-27 03:25:17
1833405107,Ark Centre,Rangasyd,false,13,enwiki,2024-10-27 03:23:48
1833405218,Talk:United States,Brusquedandelion,false,1106,enwiki,2024-10-27 03:24:04
1833405512,Sorcha Eastwood,Jason MacGabhann,false,22,enwiki,2024-10-27 03:25:02
1833405604,Jeon Yeo-ok,Seefooddiet,false,-2,enwiki,2024-10-27 03:25:16
1833405109,Trachiniformes,Trilletrollet,false,-39,enwiki,2024-10-27 03:23:49
1833405302,Wikipedia:Version 1.0 Editorial Team/Comics creators articles by quality log,WP 1.0 bot,true,0,enwiki,2024-10-27 03:24:22
1833405518,Stavrovouni Monastery,Monkbot,true,1,enwiki,2024-10-27 03:25:05
1833405605,"Yeh, Yeh",Zerosprite,false,381,enwiki,2024-10-27 03:25:17
1833405108,Jean Roussel,Rouja1,false,-1,enwiki,2024-10-27 03:23:48
1833405301,Tangjai6,Tangjai1234,false,17,enwiki,2024-10-27 03:24:22
1833405500,Wikipedia:Version 1.0 Editorial Team/Central Asia articles by quality log,WP 1.0 bot,true,-3333,enwiki,2024-10-27 03:25:02
1833405607,File:FDJ (cycling team) logo.png,Minorax,false,-354,enwiki,2024-10-27 03:25:19
1833405112,Rayman 2: The Great Escape,NakhlaMan,false,0,enwiki,2024-10-27 03:23:47
1833405305,Wikipedia:Requests for page protection/Increase,Cyberbot I,true,-3495,enwiki,2024-10-27 03:24:22
1833405503,Talk That Talk (Twice song),Random86,false,4,enwiki,2024-10-27 03:25:02
1833405113,Draft:List of Chelsea F. C players chronologically,Scottlinehan1999,false,1,enwiki,2024-10-27 03:23:41
1833405200,L&YR Class 28,Jamie Gang28,false,21,enwiki,2024-10-27 03:24:05
1833405308,User:WP 1.0 bot/Tables/Project/Central America,WP 1.0 bot,true,0,enwiki,2024-10-27 03:24:22
1833405504,Wikipedia:Version 1.0 Editorial Team/Constellations articles by quality log,WP 1.0 bot,true,0,enwiki,2024-10-27 03:25:04
1833405616,1945 United Kingdom general election,Jean-de-Nivelle,false,-230,enwiki,2024-10-27 03:25:17
1833405206,Wikipedia:Version 1.0 Editorial Team/Celts articles by quality log,WP 1.0 bot,true,-7836,enwiki,2024-10-27 03:24:07
1833405314,User:Minorax/CSD log/2024,Minorax,false,324,enwiki,2024-10-27 03:24:12
1833405405,Federico Valverde,70.35.177.231,false,0,enwiki,2024-10-27 03:24:36
1833405505,Wikipedia:Version 1.0 Editorial Team/Chennai articles by quality log,WP 1.0 bot,true,-582,enwiki,2024-10-27 03:25:04
1833405618,Talk:2023–24 figure skating season,FACBot,true,169,enwiki,2024-10-27 03:25:19
