1833418715,User talk:Rzsd28/talk page tutorial,Rzsd28,false,142,enwiki,2024-10-27 03:00:19
1833418910,Martin Johnson (musician),2600:6C46:4A00:A2F:F421:6287:A2B1:6162,false,-1,enwiki,2024-10-27 03:00:46
1833419302,User talk:Kjell Knudde,Liz,false,1265,enwiki,2024-10-27 03:01:47
1833419401,User:MagellanDragon/sandbox,MagellanDragon,false,0,enwiki,2024-10-27 03:02:21
1833418716,Wikipedia:Version 1.0 Editorial Team/JavaScript articles by quality log,WP 1.0 bot,true,0,enwiki,2024-10-27 03:00:19
1833418801,Wikipedia:WikiProject Sexology and sexuality/Sex work task force/Participants,Demt1298,false,27,enwiki,2024-10-27 03:00:30
1833418912,Francesinha,Ih8connecticut,false,16,enwiki,2024-10-27 03:00:45
1833419210,Pieniężno,Monkbot,true,2,enwiki,2024-10-27 03:01:37
1833419305,Wikipedia:Version 1.0 Editorial Team/Syriac Christianity work group articles by quality log,WP 1.0 bot,true,0,enwiki,2024-10-27 03:01:58
1833419403,Adolphus Williamson,Wabbuh,false,27,enwiki,2024-10-27 03:02:21
1833418807,Wikipedia:Version 1.0 Editorial Team/Southern Gospel articles by quality log,WP 1.0 bot,true,0,enwiki,2024-10-27 03:00:31
1833418918,User:WP 1.0 bot/Tables/Project/Johns Hopkins University-related,WP 1.0 bot,true,0,enwiki,2024-10-27 03:00:48
1833419209,Tennessee's 1st congressional district,67.249.178.182,false,162,enwiki,2024-10-27 03:01:34
1833419306,Spencer Breslin,Bruce1ee,false,-6,enwiki,2024-10-27 03:01:55
1833419406,Muscarinic,76.174.0.57,false,-15,enwiki,2024-10-27 03:02:23
1833418808,Lipka Tatars,Monkbot,true,2,enwiki,2024-10-27 03:00:28
1833419100,Jonathan Torohia,Lepricavark,false,12,enwiki,2024-10-27 03:01:17
1833419211,Wikipedia:Version 1.0 Editorial Team/Swaminarayan articles by quality log,WP 1.0 bot,true,0,enwiki,2024-10-27 03:01:39
1833419409,User:WP 1.0 bot/Tables/Project/Jewish history-related,WP 1.0 bot,true,0,enwiki,2024-10-27 03:02:22
1833418813,User:WP 1.0 bot/Tables/Project/Iran,WP 1.0 bot,true,0,enwiki,2024-10-27 03:00:31
1833419010,Nikos Arsenopoulos,Monkbot,true,1,enwiki,2024-10-27 03:00:59
1833419104,Wikipedia:WikiProject Video games/Video game characters/Index,Cukie Gherkin,false,27,enwiki,2024-10-27 03:01:02
1833419212,Edward the Elder,Remsense,false,-100,enwiki,2024-10-27 03:01:35
1833419311,User:Liz/CSD log,Liz,false,129,enwiki,2024-10-27 03:01:33
1833419411,2020–2022 catalytic converter theft ring,CommissarDoggo,false,51,enwiki,2024-10-27 03:02:21
1833418816,Template:AfC statistics/declined,EarwigBot,true,292,enwiki,2024-10-27 03:00:28
1833419011,Draft:Twitter Runners,SamyPalVR,false,1,enwiki,2024-10-27 03:01:01
1833419109,User:4meter4/sandbox,4meter4,false,287,enwiki,2024-10-27 03:01:19
1833419214,1970 Ohio gubernatorial election,Indylover2010,false,26,enwiki,2024-10-27 03:01:37
1833419316,Henry Cole (inventor),ZeroAlpha87,false,0,enwiki,2024-10-27 03:01:57
1833419412,John Goff Ballentine,Simeon,false,14,enwiki,2024-10-27 03:02:21
1833418817,Fleet Foxes (album),Tony1,false,114,enwiki,2024-10-27 03:00:29
1833418900,User:WP 1.0 bot/Tables/Project/Jewish Women,WP 1.0 bot,true,304,enwiki,2024-10-27 03:00:44
1833419012,The Cure,Rodericksilly,false,10,enwiki,2024-10-27 03:00:57
1833419108,Clinton Gutherson,Doctorhawkes,false,-99,enwiki,2024-10-27 03:01:17
1833419218,Wikipedia:Version 1.0 Editorial Team/Sword of Truth task force articles by quality log,WP 1.0 bot,true,0,enwiki,2024-10-27 03:01:41
1833419317,Bazargulovo,Monkbot,true,2,enwiki,2024-10-27 03:01:58
1833419416,1970 Ohio gubernatorial election,Indylover2010,false,45,enwiki,2024-10-27 03:02:21
1833418901,User:JamesR/AdminStats,AdminStatsBot 2,true,0,enwiki,2024-10-27 03:00:25
1833419018,William Hawkins Polk,Simeon,false,14,enwiki,2024-10-27 03:00:59
1833419111,Wikipedia:Version 1.0 Editorial Team/Stop motion articles by quality log,WP 1.0 bot,true,0,enwiki,2024-10-27 03:01:20
1833419203,Murat Gassiev,82.32.49.206,false,0,enwiki,2024-10-27 03:01:33
1833419219,"Tania, the Woman in Chains",Monkbot,true,1,enwiki,2024-10-27 03:01:40
1833419419,Caroline Dolehide,Sashona,false,279,enwiki,2024-10-27 03:02:18
1833418905,Emily Osment,AnomieBOT,true,18,enwiki,2024-10-27 03:00:42
1833419112,Bellach railway station,Monkbot,true,1,enwiki,2024-10-27 03:01:18
1833419204,Talk:Starlink,Horse Eye's Back,false,203,enwiki,2024-10-27 03:01:35
1833419300,User:AnomieBOT/C/Current peer reviews,AnomieBOT,true,-232,enwiki,2024-10-27 03:01:56
1833418909,Hellenic Air Force Aircraft Depot,Monkbot,true,2,enwiki,2024-10-27 03:00:46
1833419115,Wikipedia:WikiProject Deletion sorting/South Korea,A. B.,false,37,enwiki,2024-10-27 03:01:20
1833419207,United States,SashiRolls,false,1,enwiki,2024-10-27 03:01:17
1833419301,Atnyashkino,Monkbot,true,2,enwiki,2024-10-27 03:01:55
1833419400,Mariana Avitia,Citation bot,true,-31,enwiki,2024-10-27 03:02:19
1833419512,User:Daniel Quinlan/common.js,Daniel Quinlan,false,2,enwiki,2024-10-27 03:02:45
1833419716,Phu Quoc International Airport,Metrosfan,false,-49,enwiki,2024-10-27 03:03:23
1833419804,Wikipedia:Version 1.0 Editorial Team/Tokusatsu articles by quality log,WP 1.0 bot,true,-47,enwiki,2024-10-27 03:03:46
1833419914,Saint-Gervasy,Monkbot,true,1,enwiki,2024-10-27 03:04:03
1833420107,DC Multiverse (toy line),CBcleaner,false,32,enwiki,2024-10-27 03:04:36
1833419513,Daniel Schneemann,Red Director,false,33,enwiki,2024-10-27 03:02:44
1833419619,User:WP 1.0 bot/Tables/Project/Kent,WP 1.0 bot,true,0,enwiki,2024-10-27 03:03:07
1833419805,June,LunaEatsTuna,false,241,enwiki,2024-10-27 03:03:43
1833419916,Giant shoes of Marikina,76.179.102.25,false,17,enwiki,2024-10-27 03:04:05
1833420112,Woman of the Hour,172.59.125.8,false,0,enwiki,2024-10-27 03:04:39
1833419501,Wikipedia:Version 1.0 Editorial Team/Test cards articles by quality log,WP 1.0 bot,true,0,enwiki,2024-10-27 03:02:42
1833419519,Adolphus Williamson,Wabbuh,false,-125,enwiki,2024-10-27 03:02:45
1833419806,Cheating in poker,80.192.197.33,false,38,enwiki,2024-10-27 03:03:46
1833419900,Italian language,BD2412,false,-1,enwiki,2024-10-27 03:03:52
1833419917,User talk:Praxeria,Remsense,false,1599,enwiki,2024-10-27 03:04:06
1833420000,Talk:Adia (queen),Surayeproject3,false,85,enwiki,2024-10-27 03:04:21
1833420115,Battle of Kalavryta,Monkbot,true,1,enwiki,2024-10-27 03:04:39
1833419503,Agrasen Jayanti,Hargoa,false,120,enwiki,2024-10-27 03:02:41
1833419605,Template:MiLB Teams Map,Roberto221,false,-12,enwiki,2024-10-27 03:03:03
1833419700,2024 Liga de Ascenso Femenina (Perú),2800:200:F8C8:95B8:2844:6FB7:F240:4B9D,false,8,enwiki,2024-10-27 03:03:21
1833419808,Warszawa Główna railway station,Monkbot,true,1,enwiki,2024-10-27 03:03:46
1833419905,Clifford Davis (politician),Simeon,false,2,enwiki,2024-10-27 03:04:02
1833420007,Wikipedia:Version 1.0 Editorial Team/Tuva articles by quality log,WP 1.0 bot,true,0,enwiki,2024-10-27 03:04:23
1833419502,Leviathan (Westerfeld novel),ZoneSeek,false,-3,enwiki,2024-10-27 03:02:41
1833419609,Harry Benjamin (naturopath),Psychologist Guy,false,42,enwiki,2024-10-27 03:03:03
1833419702,Phoebidas,Monkbot,true,1,enwiki,2024-10-27 03:03:21
1833419814,Kayla Banwarth,Citation bot,true,20,enwiki,2024-10-27 03:03:47
1833419903,Conrad Bain,CraterEbert5535,false,158,enwiki,2024-10-27 03:04:04
1833419919,Stamford Hill Aerodrome,Bollardant,false,4,enwiki,2024-10-27 03:04:06
1833420009,User:Eurodog/sandbox421,Eurodog,false,27,enwiki,2024-10-27 03:04:19
1833419505,User:SDZeroBot/Redirectify Watch,SDZeroBot,true,73605,enwiki,2024-10-27 03:02:32
1833419610,Wikipedia:Version 1.0 Editorial Team/The Apprentice UK articles by quality log,WP 1.0 bot,true,0,enwiki,2024-10-27 03:03:05
1833419703,Wikipedia:Version 1.0 Editorial Team/The Wire articles by quality log,WP 1.0 bot,true,0,enwiki,2024-10-27 03:03:22
1833419816,Bound for Glory (2024),DepressedPer,false,33,enwiki,2024-10-27 03:03:48
1833419909,Wikipedia:Version 1.0 Editorial Team/Tour de France articles by quality log,WP 1.0 bot,true,0,enwiki,2024-10-27 03:04:05
1833420010,"Fayet, Aveyron",Monkbot,true,1,enwiki,2024-10-27 03:04:20
1833419506,Runcorn and Weston Canal,Tony1,false,-28,enwiki,2024-10-27 03:02:41
1833419614,Paulo Coelho,2001:8A0:60AB:8100:9CF8:56A5:E75:F207,false,0,enwiki,2024-10-27 03:03:03
1833419819,User:WP 1.0 bot/Tables/Project/Kosovo,WP 1.0 bot,true,0,enwiki,2024-10-27 03:03:49
1833419910,George Lusk,Wabbuh,false,26,enwiki,2024-10-27 03:04:04
1833419507,Vega (disambiguation),Jay1279,false,68,enwiki,2024-10-27 03:02:43
1833419616,Wikipedia:Version 1.0 Editorial Team/Kent articles by quality log,WP 1.0 bot,true,1365,enwiki,2024-10-27 03:03:05
1833419709,DC Multiverse (toy line),CBcleaner,false,4,enwiki,2024-10-27 03:03:19
1833419800,Talk:Ismoil Talbakov,Commander Keane,false,199,enwiki,2024-10-27 03:03:44
1833419911,Wikipedia:Articles for deletion/New York Music Awards,Mach61,false,9,enwiki,2024-10-27 03:04:06
1833420102,Characters of the Marvel Cinematic Universe: M–Z,2407:7000:957E:CA00:9145:40AA:C9C0:4384,false,1,enwiki,2024-10-27 03:04:29
1833419509,Wikipedia:Version 1.0 Editorial Team/Ireland articles by quality log,WP 1.0 bot,true,-211657,enwiki,2024-10-27 03:02:40
1833419615,"Saint-Beauzire, Puy-de-Dôme",Monkbot,true,1,enwiki,2024-10-27 03:03:03
1833419713,Wikipedia:Version 1.0 Editorial Team/The X Factor articles by quality log,WP 1.0 bot,true,0,enwiki,2024-10-27 03:03:24
1833419801,Whitechapel Vigilance Committee,Wabbuh,false,32,enwiki,2024-10-27 03:03:43
1833419912,Will Hogg,Adolphus79,false,-24,enwiki,2024-10-27 03:04:05
1833420104,Seventh generation of video game consoles,107.136.46.244,false,-13,enwiki,2024-10-27 03:04:30
1833419508,Asty,Monkbot,true,1,enwiki,2024-10-27 03:02:43
1833419617,Permanent Member of the Secretariat,Univero,false,22,enwiki,2024-10-27 03:03:04
1833419714,West Pomeranian Voivodeship Sejmik,Monkbot,true,1,enwiki,2024-10-27 03:03:24
1833419802,2024–25 Lille OSC season,Claudiogostoso,false,0,enwiki,2024-10-27 03:03:39
1833419913,Wikipedia:Version 1.0 Editorial Team/Journalism articles by quality log,WP 1.0 bot,true,-818,enwiki,2024-10-27 03:04:01
1833420105,Józef Bem Monument,Artemis Andromeda,false,31,enwiki,2024-10-27 03:04:39
1833420208,Wikipedia:Requests for page protection/Edit,126.111.94.16,false,376,enwiki,2024-10-27 03:05:00
1833420306,Euro T20 Slam,2409:40E1:10B5:B137:C87A:E2FF:FEAE:2ACF,false,14,enwiki,2024-10-27 03:05:14
1833420406,Khurrum Sher Zaman,Titan2456,false,-21,enwiki,2024-10-27 03:05:31
1833420604,Maria Solomou,Monkbot,true,1,enwiki,2024-10-27 03:05:57
1833420714,The Modern Jazz Quartet at Music Inn Volume 2,Yasuo Miyakawa,false,-30,enwiki,2024-10-27 03:06:10
1833420209,Wikipedia:Version 1.0 Editorial Team/Italy articles by quality log,WP 1.0 bot,true,7227,enwiki,2024-10-27 03:04:56
1833420307,Beshankovichy,Monkbot,true,3,enwiki,2024-10-27 03:05:14
1833420407,John the Cappadocian,Monkbot,true,1,enwiki,2024-10-27 03:05:32
1833420503,User:WP 1.0 bot/Tables/Project/Lesotho,WP 1.0 bot,true,289,enwiki,2024-10-27 03:05:41
1833420607,User:Liz/CSD log,Liz,false,138,enwiki,2024-10-27 03:05:37
1833420717,1974 Ohio gubernatorial election,Indylover2010,false,29,enwiki,2024-10-27 03:06:09
1833420210,Wikipedia:Version 1.0 Editorial Team/Latter Day Saint movement articles by quality log,WP 1.0 bot,true,1979,enwiki,2024-10-27 03:05:01
1833420311,Murder of Sherri Jarvis,142.115.102.175,false,15,enwiki,2024-10-27 03:05:15
1833420417,Trickle-down economics,Anachronist,false,-1,enwiki,2024-10-27 03:05:32
1833420504,The Dick Van Dyke Show,Citation bot,true,-19,enwiki,2024-10-27 03:05:37
1833420608,Francesco Caldei,Johnpacklambert,false,1,enwiki,2024-10-27 03:05:57
1833420718,Talk:Nate Caddy,The-Pope,false,12,enwiki,2024-10-27 03:06:10
1833420213,"Yakshimbetovo, Kuyurgazinsky District, Republic of Bashkortostan",Monkbot,true,2,enwiki,2024-10-27 03:05:01
1833420312,Sally Tayler,EmilySarah99,false,78,enwiki,2024-10-27 03:05:15
1833420509,Wikipedia:Version 1.0 Editorial Team/University of Massachusetts articles by quality log,WP 1.0 bot,true,0,enwiki,2024-10-27 03:05:43
1833420619,Alagang Kapatid,2001:4453:63A:7E00:D472:E4BC:3953:4A67,false,18,enwiki,2024-10-27 03:05:58
1833420201,User:WP 1.0 bot/Tables/Project/Italy,WP 1.0 bot,true,-99,enwiki,2024-10-27 03:04:58
1833420214,Work of art,75.83.246.20,false,-19,enwiki,2024-10-27 03:05:00
1833420314,User:WP 1.0 bot/Tables/Project/Latin music,WP 1.0 bot,true,0,enwiki,2024-10-27 03:05:16
1833420508,Slezské Rudoltice,Monkbot,true,1,enwiki,2024-10-27 03:05:41
1833420215,General Józef Sowiński Monument,Artemis Andromeda,false,31,enwiki,2024-10-27 03:05:02
1833420315,Highlander (franchise),201.93.50.115,false,-1,enwiki,2024-10-27 03:05:14
1833420511,1985 Kayrakkum earthquake,Dawnseeker2000,false,-28,enwiki,2024-10-27 03:05:41
1833420200,Agrasen Jayanti,Hargoa,false,43,enwiki,2024-10-27 03:04:59
1833420218,User:WP 1.0 bot/Tables/Project/Latter Day Saint movement,WP 1.0 bot,true,0,enwiki,2024-10-27 03:05:02
1833420317,Saint Vincent and the Grenadines,Vsmith,false,-10,enwiki,2024-10-27 03:05:14
1833420512,Geoffrey of Hauteville,Citation bot,true,-314,enwiki,2024-10-27 03:05:42
1833420203,User:Stitchbird2/sandbox,Stitchbird2,false,506,enwiki,2024-10-27 03:04:58
1833420510,Wikipedia:Administrator intervention against vandalism,Knitsey,false,200,enwiki,2024-10-27 03:05:42
1833420205,October 2024 Iranian strikes against Israel,Family27390,false,70,enwiki,2024-10-27 03:04:53
1833420300,User:WP 1.0 bot/Tables/Project/Language,WP 1.0 bot,true,0,enwiki,2024-10-27 03:05:14
1833420513,Thomas Phelippes,Unoquha,false,-88,enwiki,2024-10-27 03:05:43
1833420708,Wikipedia:Version 1.0 Editorial Team/Vancouver Canucks task force articles by quality log,WP 1.0 bot,true,0,enwiki,2024-10-27 03:06:09
1833420206,Jakobi Meyers,Red Director,false,31,enwiki,2024-10-27 03:05:00
1833420404,Russell A. Wood,98.228.137.44,false,465,enwiki,2024-10-27 03:05:31
1833420517,King Vidor,Band editor 2024,false,4,enwiki,2024-10-27 03:05:41
1833420716,Wikipedia:Version 1.0 Editorial Team/India articles by quality log,WP 1.0 bot,true,-28225,enwiki,2024-10-27 03:06:02
1833420800,Vlassis Rassias,Monkbot,true,1,enwiki,2024-10-27 03:06:23
1833420802,Alfred Broughton,NathanWindisch,false,205,enwiki,2024-10-27 03:06:23
1833420803,Wikipedia:Version 1.0 Editorial Team/Libertarianism articles by quality log,WP 1.0 bot,true,-648,enwiki,2024-10-27 03:06:25
1833420809,Karkamani,97.116.160.235,false,-1,enwiki,2024-10-27 03:06:25
1833420815,Social Insurance Institution,Monkbot,true,1,enwiki,2024-10-27 03:06:26
1833420817,Shute Barrington,Pisarz12345,false,36,enwiki,2024-10-27 03:06:25
1833420819,User:WP 1.0 bot/Tables/Project/Libertarianism,WP 1.0 bot,true,0,enwiki,2024-10-27 03:06:26
1833421007,Legalism (Chinese philosophy),FourLights,false,-217,enwiki,2024-10-27 03:06:57
1833421008,Kandyty,Monkbot,true,1,enwiki,2024-10-27 03:07:00
1833420900,Aaron V. Brown,Simeon,false,14,enwiki,2024-10-27 03:06:42
1833421011,Wikipedia:Articles for creation/Redirects,76.174.0.57,false,53,enwiki,2024-10-27 03:06:57
1833420902,Motion of no confidence,JMyrleFuller,false,1647,enwiki,2024-10-27 03:06:43
1833421013,1978 Ohio gubernatorial election,Indylover2010,false,55,enwiki,2024-10-27 03:07:00
1833420903,Literature,Remsense,false,10,enwiki,2024-10-27 03:06:37
1833421012,Work of art,Remsense,false,16,enwiki,2024-10-27 03:07:00
1833420905,Wikipedia:Version 1.0 Editorial Team/Lichen task force articles by quality log,WP 1.0 bot,true,-5432,enwiki,2024-10-27 03:06:45
1833421016,Goldy Brar,2601:14D:4A02:3210:985C:9A60:7876:1F9A,false,-36,enwiki,2024-10-27 03:07:02
1833420915,Surloti,Monkbot,true,1,enwiki,2024-10-27 03:06:46
1833421017,2007 Davis Cup Americas Zone Group III,PE fans,false,800,enwiki,2024-10-27 03:07:01
1833420916,William Nutter,2600:4041:57B1:3E00:993E:65E2:8638:1E89,false,47,enwiki,2024-10-27 03:06:47
1833421000,Rachelle Beanlands,Citation bot,true,38,enwiki,2024-10-27 03:06:59
1833421018,Hugh de Grandmesnil,Citation bot,true,2,enwiki,2024-10-27 03:07:02
1833420917,1978 Ohio gubernatorial election,Indylover2010,false,51,enwiki,2024-10-27 03:06:45
1833421002,Wikipedia:Version 1.0 Editorial Team/Wake Island articles by quality log,WP 1.0 bot,true,0,enwiki,2024-10-27 03:07:01
1833420919,Civil society campaign,Rah9cw,false,-2,enwiki,2024-10-27 03:06:48
1833421001,Martin Johnson (musician),2600:6C46:4A00:A2F:F421:6287:A2B1:6162,false,62,enwiki,2024-10-27 03:07:00
1833421103,Střítež nad Ludinou,Monkbot,true,1,enwiki,2024-10-27 03:07:17
1833421114,1978 Ohio gubernatorial election,Indylover2010,false,15,enwiki,2024-10-27 03:07:18
1833421117,User:WP 1.0 bot/Tables/Project/LGBTQ+ studies,WP 1.0 bot,true,-1,enwiki,2024-10-27 03:07:19
1833421115,User talk:Igottwoticketstoironmaidenbaby,Cullen328,false,1156,enwiki,2024-10-27 03:07:21
1833421119,Wikipedia:Version 1.0 Editorial Team/Japan-related articles by quality log,WP 1.0 bot,true,11671,enwiki,2024-10-27 03:07:11
1833421212,CIÉ 181 Class,Stephan Leeds,false,2,enwiki,2024-10-27 03:07:38
1833421214,Wikipedia:Version 1.0 Editorial Team/Logic articles by quality log,WP 1.0 bot,true,-252,enwiki,2024-10-27 03:07:39
1833421217,Muscarinic antagonist,76.174.0.57,false,70,enwiki,2024-10-27 03:07:36
1833421218,Lapland Shield,Monkbot,true,1,enwiki,2024-10-27 03:07:39
1833421219,Talk:Boreas (god),Michael Aurel,false,-435,enwiki,2024-10-27 03:07:40
1833421200,Frixos Grivas,Monkbot,true,1,enwiki,2024-10-27 03:07:36
1833421202,Illinois-Michigan football rivalry,AnomieBOT,true,-55,enwiki,2024-10-27 03:07:37
1833421207,User:WP 1.0 bot/Tables/Project/Logic,WP 1.0 bot,true,0,enwiki,2024-10-27 03:07:38
1833421210,Wikipedia:Requested moves/Current discussions,RMCD bot,true,-1914,enwiki,2024-10-27 03:07:33
1833421211,Wikipedia:Dashboard/Requested moves,RMCD bot,true,-148,enwiki,2024-10-27 03:07:38
1833421314,Enzo Fernández,7ijkuo,false,1,enwiki,2024-10-27 03:07:55
1833421318,Wikipedia:Version 1.0 Editorial Team/Westerns (genre) biography articles by quality log,WP 1.0 bot,true,0,enwiki,2024-10-27 03:07:59
1833421300,Sertolovo,Monkbot,true,2,enwiki,2024-10-27 03:07:52
1833421319,List of Ferris wheels,RMCD bot,true,-141,enwiki,2024-10-27 03:07:51
1833421303,Pakistan Tehreek-e-Insaf,Titan2456,false,-170,enwiki,2024-10-27 03:07:48
1833421304,Harry Potter and the Goblet of Fire,Davidhaymond,false,28,enwiki,2024-10-27 03:07:53
1833421305,Wikipedia:Version 1.0 Editorial Team/Los Angeles Angels of Anaheim articles by quality log,WP 1.0 bot,true,962,enwiki,2024-10-27 03:07:56
1833421307,Talk:Passive voice,John M Baker,false,157,enwiki,2024-10-27 03:07:56
1833421309,The Gospel According to St. Matthew (film),Vagabond777,false,4,enwiki,2024-10-27 03:07:54
1833421311,Kantrimas,Monkbot,true,2,enwiki,2024-10-27 03:07:56
1833421312,Talk:2025-26 UEFA Women's Nations League C,AnomieBOT,true,72,enwiki,2024-10-27 03:07:57
1833421401,University of San Jose–Recoletos,50.81.237.112,false,-212,enwiki,2024-10-27 03:08:08
1833421406,The Bled,Mes tex,false,2,enwiki,2024-10-27 03:08:10
1833421407,Adrachti,Monkbot,true,1,enwiki,2024-10-27 03:08:10
1833421411,"Mykhailivka, Novohrodivka urban hromada, Pokrovsk Raion, Donetsk Oblast",Tony1,false,33,enwiki,2024-10-27 03:08:11
1833421414,1978 Ohio gubernatorial election,Indylover2010,false,45,enwiki,2024-10-27 03:08:10
1833421418,Wikipedia:Version 1.0 Editorial Team/Louisiana Tech articles by quality log,WP 1.0 bot,true,-444,enwiki,2024-10-27 03:08:14
357994403,Landgericht Bautzen,Wilske,false,21,dewiki,2024-10-27 03:08:27
1833421508,The Cure,Rodericksilly,false,0,enwiki,2024-10-27 03:08:26
1833421510,Talk:John Rustad,ClueBot III,true,-598,enwiki,2024-10-27 03:08:28
1833421512,"Świętopełk II, Duke of Pomerania",Monkbot,true,2,enwiki,2024-10-27 03:08:30
1833421516,User:WP 1.0 bot/Tables/Project/Louisiana,WP 1.0 bot,true,0,enwiki,2024-10-27 03:08:31
1833421519,DXKS-FM (Cagayan de Oro),Sammi Brie,false,-249,enwiki,2024-10-27 03:08:31
1833421600,Zaria (wrestler),Lemonademan22,false,-47,enwiki,2024-10-27 03:08:46
1833421602,Talladega Nights: The Ballad of Ricky Bobby,95LightningWazowski,false,375,enwiki,2024-10-27 03:08:45
1833421605,Cliousclat,Monkbot,true,1,enwiki,2024-10-27 03:08:45
1833421607,Yaroslava Mahuchikh,Globallycz,false,20,enwiki,2024-10-27 03:08:38
1833421606,Talk:Elon Musk,Horse Eye's Back,false,190,enwiki,2024-10-27 03:08:39
1833421608,User:4meter4/sandbox,4meter4,false,227,enwiki,2024-10-27 03:08:48
1833421609,Midem,Bruce1ee,false,1,enwiki,2024-10-27 03:08:48
357994404,Wikipedia:Adminwiederwahl/XenonX3,MarcoMA8,false,0,dewiki,2024-10-27 03:08:59
1833421719,Wikipedia:Version 1.0 Editorial Team/Luxembourg articles by quality log,WP 1.0 bot,true,54263,enwiki,2024-10-27 03:09:06
357994405,Benutzer:Jürgen Engel,Jürgen Engel,false,-1,dewiki,2024-10-27 03:09:01
1833421705,Muscarinic antagonist,76.174.0.57,false,18,enwiki,2024-10-27 03:09:01
1833421706,Charles Coates (sportsman),Pinkpollyanna,false,60,enwiki,2024-10-27 03:09:04
1833421709,Richard C. Howe,GuardianH,false,12,enwiki,2024-10-27 03:09:05
1833421708,Louis Till,Grey Cheetah,false,-1181,enwiki,2024-10-27 03:09:02
1833421710,Christopher Saint Booth,2405:6E00:22EE:FF9B:85F5:D83B:EA3B:4C7A,false,92,enwiki,2024-10-27 03:09:05
1833421711,Le Grès,Monkbot,true,1,enwiki,2024-10-27 03:09:03
1833421713,RU47213,Rasteem,false,47,enwiki,2024-10-27 03:09:06
357994406,Benutzer:KaiMartin/BestOfDNB,KaiMartin,false,384,dewiki,2024-10-27 03:09:07
1833421809,User:WP 1.0 bot/Tables/Project/London-related,WP 1.0 bot,true,0,enwiki,2024-10-27 03:09:22
1833421909,Fixed register,MONTENSEM,false,26,enwiki,2024-10-27 03:09:43
1833421916,United States,SashiRolls,false,-4,enwiki,2024-10-27 03:09:21
1833421917,User:WP 1.0 bot/Tables/Project/Law,WP 1.0 bot,true,-90,enwiki,2024-10-27 03:09:43
1833421919,Chein-Dessus,Monkbot,true,1,enwiki,2024-10-27 03:09:42
1833421803,Ahmed Al-Kaf,OpalYosutebito,false,646,enwiki,2024-10-27 03:09:18
1833421901,Argentine Americans,Lulasaurius,false,240,enwiki,2024-10-27 03:09:38
1833421802,Verkhniye Tashly,Monkbot,true,2,enwiki,2024-10-27 03:09:20
1833421902,Wikipedia:WikiCup/History/2024/Submissions/Hey man im josh,Hey man im josh,false,138,enwiki,2024-10-27 03:09:41
1833421806,Wikipedia:Version 1.0 Editorial Team/Women's gymnastics articles by quality log,WP 1.0 bot,true,394,enwiki,2024-10-27 03:09:22
1833421907,"Department of Transportation, Communications and Infrastructure",Fork99,false,1,enwiki,2024-10-27 03:09:39
1833421807,Domenico Cuomo,Tony1,false,-84,enwiki,2024-10-27 03:09:21
1833421908,Tony Tarasco,47.155.50.78,false,-1,enwiki,2024-10-27 03:09:42
357994410,Wikipedia:Adminwiederwahl/Xqt,MarcoMA8,false,-7,dewiki,2024-10-27 03:09:49
1833422210,Religion in Canada,K0marux,false,1,enwiki,2024-10-27 03:10:31
357994417,Burg Soldau,176.6.133.90,false,74,dewiki,2024-10-27 03:10:43
1833422303,Ulterior Motives (song),2405:6E00:22EE:FF9B:85F5:D83B:EA3B:4C7A,false,320,enwiki,2024-10-27 03:10:55
1833422401,Talk:Saadoun Jaber,Wizardman,false,22,enwiki,2024-10-27 03:11:16
1833422100,Wikipedia:Version 1.0 Editorial Team/Manitoba articles by quality log,WP 1.0 bot,true,53,enwiki,2024-10-27 03:10:22
1833422212,Highlander (franchise),201.93.50.115,false,164,enwiki,2024-10-27 03:10:38
1833422304,Maria Bruno,Citation bot,true,-1,enwiki,2024-10-27 03:10:54
1833422402,East Texas Regional Airport,No No No No Name fu,false,1,enwiki,2024-10-27 03:11:15
357994413,Benutzer:Diopuld/Artikelentwurf,Diopuld,false,92,dewiki,2024-10-27 03:10:17
1833422101,Wikipedia:Version 1.0 Editorial Team/Magazine articles by quality log,WP 1.0 bot,true,87259,enwiki,2024-10-27 03:10:20
1833422214,EMD G22CU,Stephan Leeds,false,-1,enwiki,2024-10-27 03:10:40
1833422305,Tropical Storm Trami (2024),Borgenland,false,-1,enwiki,2024-10-27 03:10:51
1833422408,User:WP 1.0 bot/Tables/Project/Maryland,WP 1.0 bot,true,92,enwiki,2024-10-27 03:11:16
1833422107,Wikipedia:Administrator intervention against vandalism,HBC AIV helperbot14,true,-2,enwiki,2024-10-27 03:10:22
1833422216,Wikipedia:Version 1.0 Editorial Team/Martinique articles by quality log,WP 1.0 bot,true,462,enwiki,2024-10-27 03:10:41
1833422317,The Trial of Donald Duck,Phily52,false,257,enwiki,2024-10-27 03:10:57
357994418,Landgericht Bautzen,Wilske,false,28,dewiki,2024-10-27 03:11:13
1833422407,2024–25 SSC Napoli season,Claudiogostoso,false,0,enwiki,2024-10-27 03:11:13
1833422108,Aprilia,Remsense,false,88,enwiki,2024-10-27 03:10:18
357994415,Diskussion:Luci van Org,Vindolicus,false,307,dewiki,2024-10-27 03:10:33
1833422201,Indonesian filetail catshark,JarrahTree,false,38,enwiki,2024-10-27 03:10:37
1833422217,Draft:House of Roche,Ofthesun inthefire,false,5130,enwiki,2024-10-27 03:10:37
1833422410,Oborniki County,Monkbot,true,1,enwiki,2024-10-27 03:11:17
1833422006,Major League Baseball on regional sports networks,Ralphierce,false,689,enwiki,2024-10-27 03:10:04
1833422111,"Skripkin, Kursk Oblast",Monkbot,true,1,enwiki,2024-10-27 03:10:22
1833422206,User:DataflowBot/output/Top 20 enwiki articles by edits and editors in past 7 days (id-1),DataflowBot,false,139,enwiki,2024-10-27 03:10:40
1833422218,San Secondo di Pinerolo,Monkbot,true,1,enwiki,2024-10-27 03:10:39
1833422415,User talk:CommunityNotesContributor,RossEvans19,false,464,enwiki,2024-10-27 03:11:18
1833422009,Andrew Robertson (actor),EmilySarah99,false,89,enwiki,2024-10-27 03:10:05
1833422112,TAROM,Jhan1803,false,9,enwiki,2024-10-27 03:10:20
1833422205,Gasp! (TV series),100.40.177.247,false,130,enwiki,2024-10-27 03:10:38
1833422417,Wikipedia:Version 1.0 Editorial Team/Maryland articles by quality log,WP 1.0 bot,true,-3129,enwiki,2024-10-27 03:11:19
1833422008,User:Brindille1/Sandbox/List of New England Revolution Players,Brindille1,false,1865,enwiki,2024-10-27 03:10:01
1833422117,User:WP 1.0 bot/Tables/Project/Manitoba,WP 1.0 bot,true,0,enwiki,2024-10-27 03:10:23
1833422207,Martin Johnson (musician),2600:6C46:4A00:A2F:F421:6287:A2B1:6162,false,-2,enwiki,2024-10-27 03:10:39
1833422301,2007 Davis Cup Americas Zone Group III,PE fans,false,852,enwiki,2024-10-27 03:10:53
1833422010,1952 United States presidential election,2607:FEA8:22DE:1F20:910E:3BAE:8811:D5FC,false,57,enwiki,2024-10-27 03:10:03
1833422114,Category:Drug-related suicides,AHI-3000,false,35,enwiki,2024-10-27 03:10:24
1833422208,Tropical Storm Trami (2024),Borgenland,false,0,enwiki,2024-10-27 03:10:35
1833422302,Nizhnyaya Yatva,Monkbot,true,2,enwiki,2024-10-27 03:10:55
357994419,Luci van Org,Vindolicus,false,-56,dewiki,2024-10-27 03:11:15
1833422013,2G,Nightwalker-87,false,-433,enwiki,2024-10-27 03:10:00
1833422211,User:WP 1.0 bot/Tables/Project/Martinique,WP 1.0 bot,true,-267,enwiki,2024-10-27 03:10:40
1833422300,Pachychoroid disorders of the macula,Esp666,false,0,enwiki,2024-10-27 03:10:55
1833422604,Talk:Sachin Tyagi,Wizardman,false,21,enwiki,2024-10-27 03:11:57
1833422704,2007 Polish Figure Skating Championships,Monkbot,true,1,enwiki,2024-10-27 03:12:21
1833422812,User talk:Tangjai1234,I dream of horses,false,2206,enwiki,2024-10-27 03:12:45
1833422915,Rob Riggle,TheAmazingRaspberry,false,86,enwiki,2024-10-27 03:13:04
1833422606,User:WP 1.0 bot/Tables/Project/Men's Issues,WP 1.0 bot,true,0,enwiki,2024-10-27 03:11:57
1833422705,Yellow mud turtle,Bloopityboop,false,448,enwiki,2024-10-27 03:12:20
1833422813,Wikipedia:Version 1.0 Editorial Team/Michelin Guide articles by quality log,WP 1.0 bot,true,355,enwiki,2024-10-27 03:12:47
1833422917,1982 Ohio gubernatorial election,Indylover2010,false,26,enwiki,2024-10-27 03:13:03
1833422500,Kevin Knox II,Koolcatz34,false,421,enwiki,2024-10-27 03:11:36
1833422708,Wikipedia:Version 1.0 Editorial Team/Melbourne articles by quality log,WP 1.0 bot,true,-1419,enwiki,2024-10-27 03:12:24
1833422816,"Category:Canyon County, Idaho",Adflatuss,false,13,enwiki,2024-10-27 03:12:47
1833422501,Talk:Starlink,Horse Eye's Back,false,248,enwiki,2024-10-27 03:11:36
1833422609,RCW 88,Loooke,false,-125,enwiki,2024-10-27 03:11:58
1833422709,List of awards and nominations received by Nicki Minaj,67.82.120.254,false,135,enwiki,2024-10-27 03:12:16
1833422817,1982 Ohio gubernatorial election,Indylover2010,false,30,enwiki,2024-10-27 03:12:46
1833422900,Jonathan Varane,Lepricavark,false,12,enwiki,2024-10-27 03:13:01
1833422502,User:WP 1.0 bot/Tables/Project/Lepidoptera,WP 1.0 bot,true,0,enwiki,2024-10-27 03:11:39
1833422610,Talk:Artificial consciousness,Alenoach,false,619,enwiki,2024-10-27 03:11:57
1833422712,Khamzat Chimaev,SpyroeBM,false,11,enwiki,2024-10-27 03:12:20
1833422901,Talk:John Glenn Columbus International Airport,Z1720,false,591,enwiki,2024-10-27 03:13:01
1833422506,Death of a Nation (2018 film),76.155.230.214,false,4,enwiki,2024-10-27 03:11:36
1833422614,Pachychoroid disorders of the macula,Esp666,false,0,enwiki,2024-10-27 03:12:00
1833422713,2024 World Series,Muboshgu,false,0,enwiki,2024-10-27 03:12:22
1833422800,Agrasen,Hargoa,false,223,enwiki,2024-10-27 03:12:43
1833422905,GE CM20EMP,Stephan Leeds,false,10,enwiki,2024-10-27 03:13:03
1833422508,Alex Shelley,27.2.139.154,false,2,enwiki,2024-10-27 03:11:30
1833422615,Yanina Zhejmo,Monkbot,true,2,enwiki,2024-10-27 03:11:59
1833422715,User:WP 1.0 bot/Tables/Project/Melbourne,WP 1.0 bot,true,0,enwiki,2024-10-27 03:12:25
1833422802,Tangjai6,I dream of horses,false,23,enwiki,2024-10-27 03:12:44
1833422906,Bull Moose Party,Remsense,false,-67,enwiki,2024-10-27 03:13:00
1833422509,Levan Kalyayev,Monkbot,true,1,enwiki,2024-10-27 03:11:38
1833422717,2010 Moldovan parliamentary election,Super Dromaeosaurus,false,-25,enwiki,2024-10-27 03:12:24
1833422808,"Greenwood Academy, Dreghorn",Bruce1ee,false,-7,enwiki,2024-10-27 03:12:45
1833422910,Talk:Salah Eddine Dahmoune,Wizardman,false,30,enwiki,2024-10-27 03:13:04
1833422510,User:Sammi Brie/XfD log,Sammi Brie,false,550,enwiki,2024-10-27 03:11:37
1833422619,User:TylerTheCreatorFan911/sandbox,TylerTheCreatorFan911,false,85,enwiki,2024-10-27 03:12:00
1833422719,Talk:Sagar Radia,Wizardman,false,20,enwiki,2024-10-27 03:12:26
1833422810,Talk:Starlink,Horse Eye's Back,false,99,enwiki,2024-10-27 03:12:44
1833422912,Derived row,MONTENSEM,false,26,enwiki,2024-10-27 03:13:05
1833422513,Talk:Sabin Kumar Tolangi,Wizardman,false,28,enwiki,2024-10-27 03:11:42
1833422601,List of left-wing political parties,Bruce1ee,false,8,enwiki,2024-10-27 03:11:49
1833422811,User:WP 1.0 bot/Tables/Project/Michelin Guide,WP 1.0 bot,true,0,enwiki,2024-10-27 03:12:46
1833422913,Panagiotes the New Chrysaphes,Monkbot,true,1,enwiki,2024-10-27 03:13:05
1833423008,West Texas A&M Buffaloes,2601:801:1:3FD0:C1EA:408D:1CA3:B478,false,0,enwiki,2024-10-27 03:13:26
1833423112,"Wikipedia:Version 1.0 Editorial Team/Military science, technology, and theory articles by quality log",WP 1.0 bot,true,504,enwiki,2024-10-27 03:13:45
1833423416,Brian Butch,Citation bot,true,24,enwiki,2024-10-27 03:14:37
1833423505,Wikipedia:Version 1.0 Editorial Team/Mongols articles by quality log,WP 1.0 bot,true,-2547,enwiki,2024-10-27 03:14:54
1833423615,Jim Neidhart,100.6.68.168,false,4,enwiki,2024-10-27 03:15:06
1833423009,Robert Whittaker (fighter),SpyroeBM,false,11,enwiki,2024-10-27 03:13:21
1833423113,Wikipedia talk:WikiProject Elements,Johnjbarton,false,1377,enwiki,2024-10-27 03:13:41
1833423300,Jordan Burroughs,Citation bot,true,122,enwiki,2024-10-27 03:14:15
1833423415,Cheaper by the Dozen (2003 film),32.219.24.128,false,60,enwiki,2024-10-27 03:14:36
1833423508,Ę,Monkbot,true,2,enwiki,2024-10-27 03:14:53
1833423618,Gabriel Magalhães,Hajime14,false,1050,enwiki,2024-10-27 03:15:05
1833423010,Tony Revolori,Finian Jensen,false,65,enwiki,2024-10-27 03:13:26
1833423114,Draft:Josesob447,187.252.194.31,false,12,enwiki,2024-10-27 03:13:45
1833423200,User:Visviva/Legal system,Visviva,false,83,enwiki,2024-10-27 03:14:00
1833423302,Wikipedia:Version 1.0 Editorial Team/Mississippi articles by quality log,WP 1.0 bot,true,-1607,enwiki,2024-10-27 03:14:26
1833423417,Our Flag Means Death,24.243.67.113,false,33,enwiki,2024-10-27 03:14:34
1833423509,Department of transportation,Fork99,false,346,enwiki,2024-10-27 03:14:52
1833423619,1982 Ohio gubernatorial election,Indylover2010,false,32,enwiki,2024-10-27 03:15:07
1833423013,Lachamp-Raphaël,Monkbot,true,1,enwiki,2024-10-27 03:13:24
1833423118,"User:WP 1.0 bot/Tables/Project/Military science, technology, and theory",WP 1.0 bot,true,231,enwiki,2024-10-27 03:13:47
1833423206,Wikipedia:Version 1.0 Editorial Team/Mining articles by quality log,WP 1.0 bot,true,-594,enwiki,2024-10-27 03:14:01
1833423303,Idyash-Kuskarovo,Monkbot,true,2,enwiki,2024-10-27 03:14:25
1833423418,User talk:Σ,A.Cython,false,-1,enwiki,2024-10-27 03:14:39
1833423511,Wikipedia:Version 1.0 Editorial Team/Montserrat articles by quality log,WP 1.0 bot,true,745,enwiki,2024-10-27 03:14:55
1833423015,C. J. Aiken,HanTsî,false,-1,enwiki,2024-10-27 03:13:27
1833423117,Mikel Leshoure,Red Director,false,231,enwiki,2024-10-27 03:13:47
1833423207,Talk:Marxist cultural analysis,101.115.143.188,false,428,enwiki,2024-10-27 03:13:59
1833423310,Ion-selective electrode,BD2412,false,1,enwiki,2024-10-27 03:14:26
1833423512,Talk:Srinivas Krishna,Wizardman,false,25,enwiki,2024-10-27 03:14:55
1833423604,ASKAP J1935+2148,Loooke,false,61,enwiki,2024-10-27 03:15:07
1833423016,Template:PBS Kids shows,Stephen McKeever,false,60,enwiki,2024-10-27 03:13:28
1833423210,Coffee milk,Orchastrattor,false,101,enwiki,2024-10-27 03:14:02
1833423313,Draft:2025 IFSC Climbing World Cup,Hypernormal1,false,140,enwiki,2024-10-27 03:14:25
1833423514,Tristan und Isolde,Wonder29,false,-197,enwiki,2024-10-27 03:14:53
1833423609,1994 European Parliament election in Portugal,Tuesp1985,false,3803,enwiki,2024-10-27 03:15:06
1833423211,2011–12 PlusLiga,Monkbot,true,2,enwiki,2024-10-27 03:14:01
1833423516,User:Rachel322/citing sources,Rachel322,false,499,enwiki,2024-10-27 03:14:55
1833423611,Wikipedia:Version 1.0 Editorial Team/Moon articles by quality log,WP 1.0 bot,true,-2071,enwiki,2024-10-27 03:15:08
1833423006,User:WP 1.0 bot/Tables/Project/Microbiology,WP 1.0 bot,true,0,enwiki,2024-10-27 03:13:25
1833423103,List of tallest buildings in Charlotte,City Dweller 2,false,-1,enwiki,2024-10-27 03:13:37
1833423215,User:WP 1.0 bot/Tables/Project/Mining,WP 1.0 bot,true,286,enwiki,2024-10-27 03:14:03
1833423408,1918 in the United States,2600:1700:5ABC:2080:D6D:F448:6607:1BC8,false,90,enwiki,2024-10-27 03:14:33
1833423612,Journey to the Center of the Earth (2008 theatrical film),Gls0214,false,-38,enwiki,2024-10-27 03:15:06
1833423007,Talk:Ryan Tucker Jones,Wizardman,false,26,enwiki,2024-10-27 03:13:26
1833423111,Akhmetka,Monkbot,true,2,enwiki,2024-10-27 03:13:44
1833423214,Imogen Coe,BD2412,false,-1,enwiki,2024-10-27 03:14:02
1833423409,Damaskinos,Monkbot,true,1,enwiki,2024-10-27 03:14:37
1833423613,Karpero,Monkbot,true,1,enwiki,2024-10-27 03:15:07
1833423011,Wikipedia:Version 1.0 Editorial Team/Military land vehicles articles by quality log,WP 1.0 bot,true,498,enwiki,2024-10-27 03:13:27
1833423110,Bee Network,TL9027,false,7,enwiki,2024-10-27 03:13:44
1833423414,Wikipedia:Version 1.0 Editorial Team/Monotremes and marsupials articles by quality log,WP 1.0 bot,true,-373,enwiki,2024-10-27 03:14:39
1833423500,2024 Liga de Ascenso Femenina (Perú),2800:200:F8C8:95B8:2844:6FB7:F240:4B9D,false,2,enwiki,2024-10-27 03:14:53
1833423614,History of gravitational theory,Artistosteles,false,-2,enwiki,2024-10-27 03:15:03
1833423816,User:I dream of horses/CSD log,I dream of horses,false,155,enwiki,2024-10-27 03:15:06
1833423905,List of works rejected by the British Board of Film Classification,Spectrallights,false,304,enwiki,2024-10-27 03:16:00
1833424210,Issue log,BD2412,false,1,enwiki,2024-10-27 03:17:07
1833423705,2024–25 Sporting CP season,Claudiogostoso,false,0,enwiki,2024-10-27 03:15:18
1833423817,List of bridges on the National Register of Historic Places in Wisconsin,CzarJobKhaya,false,391,enwiki,2024-10-27 03:15:46
1833423902,Nick Fairley,Red Director,false,40,enwiki,2024-10-27 03:16:05
1833424004,Razor Girl,110.149.131.195,false,68,enwiki,2024-10-27 03:16:25
1833424212,Sabreen Hisbani,Sunuraju,false,4,enwiki,2024-10-27 03:17:06
1833423707,Freiburg Minster,Monkbot,true,1,enwiki,2024-10-27 03:15:22
1833423800,Crawley,Rodericksilly,false,0,enwiki,2024-10-27 03:15:36
1833423818,Archaeological Museum of Kavala,Monkbot,true,1,enwiki,2024-10-27 03:15:46
1833423904,Nigger Rock,Isaidnoway,false,672,enwiki,2024-10-27 03:16:06
1833424006,User:WP 1.0 bot/Tables/Project/Motorsport,WP 1.0 bot,true,0,enwiki,2024-10-27 03:16:26
1833424218,Tropical Storm Trami (2024),HurricaneEdgar,false,2,enwiki,2024-10-27 03:17:03
1833423709,Wikipedia:Community portal/Open tasks,SuggestBot,false,50,enwiki,2024-10-27 03:15:24
1833423801,Kostas Konstantinidis,Monkbot,true,1,enwiki,2024-10-27 03:15:43
1833423914,Lescure-d'Albigeois,Monkbot,true,1,enwiki,2024-10-27 03:16:05
1833424008,Guts World Tour,152.201.173.151,false,-52,enwiki,2024-10-27 03:16:21
1833424100,Wikipedia:WikiProject Palaeontology/Article workshop,Gasmasque,false,512,enwiki,2024-10-27 03:16:44
1833424203,The Trial of Donald Duck,Phily52,false,4,enwiki,2024-10-27 03:17:05
1833423711,Erwin l'Ami,GeorgeMHall,false,12,enwiki,2024-10-27 03:15:24
1833423804,Wikipedia:Version 1.0 Editorial Team/Motorcycling articles by quality log,WP 1.0 bot,true,-2308,enwiki,2024-10-27 03:15:44
1833423915,Wikipedia:Version 1.0 Editorial Team/Muslim history articles by quality log,WP 1.0 bot,true,0,enwiki,2024-10-27 03:16:09
1833424009,Talk:July 22,Ilenart626,false,178,enwiki,2024-10-27 03:16:26
1833424107,Wikipedia:Version 1.0 Editorial Team/Myanmar articles by quality log,WP 1.0 bot,true,-130,enwiki,2024-10-27 03:16:46
1833424205,1986 Ohio gubernatorial election,Indylover2010,false,45,enwiki,2024-10-27 03:17:04
1833423713,Dot Cotton,146.199.140.26,false,49,enwiki,2024-10-27 03:15:21
1833423806,I Can See Your Voice Thailand season 4,Saisønisse,false,-246,enwiki,2024-10-27 03:15:41
1833423917,Walter Benjamin,69.53.88.119,false,-4,enwiki,2024-10-27 03:16:00
1833424010,Yisrael Alter,Monkbot,true,1,enwiki,2024-10-27 03:16:26
1833424118,Champniers-et-Reilhac,Monkbot,true,1,enwiki,2024-10-27 03:16:45
1833424204,Jackson Rowe,Koolcatz34,false,2,enwiki,2024-10-27 03:17:05
1833423714,Jackson Rowe,Koolcatz34,false,433,enwiki,2024-10-27 03:15:24
1833423807,Nick Fairley,Red Director,false,-695,enwiki,2024-10-27 03:15:43
1833423918,Grattai,TheRealLindsaySmith,false,-126,enwiki,2024-10-27 03:16:07
1833424011,2024–25 Nepal Premier League,2400:1A00:BD11:D32B:A5E4:6531:D275:35F8,false,327,enwiki,2024-10-27 03:16:25
1833424119,User:WP 1.0 bot/Tables/Project/Myanmar,WP 1.0 bot,true,-289,enwiki,2024-10-27 03:16:47
1833424206,User:AmandaNP/unblock table,DeltaQuadBot,true,235,enwiki,2024-10-27 03:17:05
1833423715,1982 Ohio gubernatorial election,Indylover2010,false,0,enwiki,2024-10-27 03:15:24
1833423814,Wikipedia:Version 1.0 Editorial Team/Mumbai articles by quality log,WP 1.0 bot,true,-379,enwiki,2024-10-27 03:15:46
1833423919,Talk:2024 World Series,Allen2,false,670,enwiki,2024-10-27 03:16:09
1833424019,ALCO DL560C,Stephan Leeds,false,2,enwiki,2024-10-27 03:16:27
1833424207,Algorand,Auditoshi,false,904,enwiki,2024-10-27 03:17:04
1833423716,Meiningen Steam Locomotive Works,Monkbot,true,1,enwiki,2024-10-27 03:15:25
1833423813,Template:Sioux Falls Skyforce roster,Intruder007,false,469,enwiki,2024-10-27 03:15:45
1833424208,"Kościelecki Square, Bydgoszcz",Monkbot,true,3,enwiki,2024-10-27 03:17:05
1833423815,1986 Ohio gubernatorial election,Indylover2010,false,34,enwiki,2024-10-27 03:15:43
1833423903,Wikipedia:Version 1.0 Editorial Team/Musical instruments articles by quality log,WP 1.0 bot,true,-2470,enwiki,2024-10-27 03:16:06
1833424211,Wikipedia:Version 1.0 Editorial Team/Nauru articles by quality log,WP 1.0 bot,true,-436,enwiki,2024-10-27 03:17:08
1833424402,Association football,I'm not perfect but I'm almost,false,16,enwiki,2024-10-27 03:17:38
1833424508,Logical Investigations (Husserl),Monkbot,true,1,enwiki,2024-10-27 03:17:57
1833424606,Crown (botany),Mitch Ames,false,-49,enwiki,2024-10-27 03:18:17
1833424706,Deaths in October 1988,Bryan Krippner,false,-4,enwiki,2024-10-27 03:18:35
1833424405,Salles-sur-Garonne,Monkbot,true,1,enwiki,2024-10-27 03:17:41
1833424509,Jacob Grandison,Koolcatz34,false,2,enwiki,2024-10-27 03:17:59
1833424607,"Vesyoly, Sterlitamaksky District, Republic of Bashkortostan",Monkbot,true,1,enwiki,2024-10-27 03:18:17
1833424710,ALCO DL560C,Stephan Leeds,false,6,enwiki,2024-10-27 03:18:36
1833424410,Hong Kong International Airport,Metrosfan,false,-25,enwiki,2024-10-27 03:17:35
1833424515,Wikipedia:Version 1.0 Editorial Team/New Brunswick articles by quality log,WP 1.0 bot,true,-481,enwiki,2024-10-27 03:18:01
1833424608,Journey 2: The Mysterious Island,Gls0214,false,61,enwiki,2024-10-27 03:18:17
1833424711,Spyros Skondras,Monkbot,true,1,enwiki,2024-10-27 03:18:36
1833424411,"Draft:A Man of Two Faces: A Memoir, A History, A Memorial",Phibeatrice,false,433,enwiki,2024-10-27 03:17:44
1833424609,Rico Lewis,2A02:C7C:E4A6:A700:B4F7:E2A3:66C8:A3C,false,0,enwiki,2024-10-27 03:18:16
1833424713,List of leaders of the communist rebellion in the Philippines,2600:1007:B0A4:C23C:41C0:6462:E518:DFF4,false,18,enwiki,2024-10-27 03:18:37
1833424413,Wikipedia:Version 1.0 Editorial Team/Neuroscience articles by quality log,WP 1.0 bot,true,-1771,enwiki,2024-10-27 03:17:45
1833424614,User:WP 1.0 bot/Tables/Project/New religious movements,WP 1.0 bot,true,1,enwiki,2024-10-27 03:18:19
1833424300,Sounds Like a Melody,Hiddenstranger,false,-1,enwiki,2024-10-27 03:17:25
1833424415,Agema,Monkbot,true,2,enwiki,2024-10-27 03:17:45
1833424501,User:JJMC89 bot/report/Draftifications/daily,JJMC89 bot,false,-1471,enwiki,2024-10-27 03:17:57
1833424615,Caroline Dolehide,Sashona,false,257,enwiki,2024-10-27 03:18:14
1833424716,2007 Davis Cup Americas Zone Group III,PE fans,false,724,enwiki,2024-10-27 03:18:36
1833424303,Averan,Monkbot,true,1,enwiki,2024-10-27 03:17:24
1833424416,The Uncle Al Show,2603:6010:86F0:9270:34F9:C3BB:C9C8:457E,false,-72,enwiki,2024-10-27 03:17:46
1833424502,User:Aqua207/sandbox,Aqua207,false,1744,enwiki,2024-10-27 03:17:57
1833424616,Talk:Sunday Paul Bako,Wizardman,false,25,enwiki,2024-10-27 03:18:20
1833424717,"Carlos Sánchez (footballer, born 1986)",CocoElLoco,false,-13,enwiki,2024-10-27 03:18:36
1833424304,User:WP 1.0 bot/Tables/Project/Museums,WP 1.0 bot,true,0,enwiki,2024-10-27 03:17:26
1833424400,Katy Perry,RachelTensions,false,0,enwiki,2024-10-27 03:17:26
1833424417,Wikipedia:Articles for deletion/Log/2024 October 27,Dawnseeker2000,false,90,enwiki,2024-10-27 03:17:46
1833424505,CoRoT-20,Loooke,false,41,enwiki,2024-10-27 03:17:58
1833424619,Baumkircher Tower,Monkbot,true,2,enwiki,2024-10-27 03:18:20
1833424310,I Can See Your Voice Thailand season 5,Saisønisse,false,-156,enwiki,2024-10-27 03:17:25
1833424403,Talk:Marxist cultural analysis,101.115.143.188,false,304,enwiki,2024-10-27 03:17:43
1833424507,Mingyuan Medicare Development,Citation bot,true,-12,enwiki,2024-10-27 03:17:58
1833424600,Highlander (franchise),201.93.50.115,false,-319,enwiki,2024-10-27 03:18:15
1833424618,Campbell Newman,Sir Scrubby,false,-11,enwiki,2024-10-27 03:18:19
1833424312,Kepler-277,Loooke,false,45,enwiki,2024-10-27 03:17:27
1833424406,User:WP 1.0 bot/Tables/Project/Neuroscience,WP 1.0 bot,true,0,enwiki,2024-10-27 03:17:43
1833424506,Israel–Hamas war,Wafflefrites,false,179,enwiki,2024-10-27 03:17:31
1833424603,Thoeun Theara,ThieflandOfficial,false,-364,enwiki,2024-10-27 03:18:14
1833424700,Talk:Sunil Lachit,Wizardman,false,21,enwiki,2024-10-27 03:18:35
1833424815,John G. Trump,Yyyikes,false,424,enwiki,2024-10-27 03:18:51
1833424903,Wikipedia:Version 1.0 Editorial Team/Newfoundland and Labrador articles by quality log,WP 1.0 bot,true,991,enwiki,2024-10-27 03:19:12
1833425008,User:WP 1.0 bot/Tables/Project/New York City,WP 1.0 bot,true,0,enwiki,2024-10-27 03:19:26
1833425116,Talk:Alice Neves,Family27390,false,15,enwiki,2024-10-27 03:19:43
1833424904,Chao (Sonic the Hedgehog),50.102.149.14,false,22,enwiki,2024-10-27 03:19:11
1833425009,Kovarditsy,Monkbot,true,1,enwiki,2024-10-27 03:19:26
1833424913,Talk:T. Rabi Sankar,Wizardman,false,23,enwiki,2024-10-27 03:19:13
1833425011,List of ended Amazon Prime Video original programming,2601:7C0:CC80:7300:F5BB:B0D4:1DF:6AB6,false,14,enwiki,2024-10-27 03:19:19
1833425202,Wikipedia:Version 1.0 Editorial Team/New York (state) articles by quality log,WP 1.0 bot,true,1812,enwiki,2024-10-27 03:19:56
1833424802,Huta Ludwików,Monkbot,true,1,enwiki,2024-10-27 03:18:51
1833424915,2011 in the United States,2600:1700:5ABC:2080:D6D:F448:6607:1BC8,false,106,enwiki,2024-10-27 03:19:06
1833425012,1990 Ohio gubernatorial election,Indylover2010,false,34,enwiki,2024-10-27 03:19:25
1833425203,Schiller Memorial Prize,Monkbot,true,1,enwiki,2024-10-27 03:19:56
1833424803,Bust of Piotr Wysocki,Artemis Andromeda,false,36,enwiki,2024-10-27 03:18:50
1833425013,2022 United States Senate election in Ohio,Mungo Kitsch,false,28200,enwiki,2024-10-27 03:19:11
1833425206,Bahrain School,WhisperToMe,false,29,enwiki,2024-10-27 03:19:56
1833424804,2024–25 Nepal Premier League,2400:1A00:BD11:D32B:A5E4:6531:D275:35F8,false,-40,enwiki,2024-10-27 03:18:49
1833425015,Talk:Tempter Paul Tungwarara,Wizardman,false,32,enwiki,2024-10-27 03:19:28
1833425205,Western Australian emergency of March 1942,Naraht,false,-1,enwiki,2024-10-27 03:19:56
1833424805,Ziyu He,62.74.24.174,false,-333,enwiki,2024-10-27 03:18:52
1833425017,Incremental reading,WinstonWolfie,false,5,enwiki,2024-10-27 03:19:28
1833425100,Wikipedia:Version 1.0 Editorial Team/Newspapers articles by quality log,WP 1.0 bot,true,415,enwiki,2024-10-27 03:19:41
1833425209,User:WP 1.0 bot/Tables/Project/New York (state),WP 1.0 bot,true,-1,enwiki,2024-10-27 03:19:57
1833424806,Wikipedia:Version 1.0 Editorial Team/New Zealand cinema articles by quality log,WP 1.0 bot,true,-862,enwiki,2024-10-27 03:18:53
1833425004,Kanchanbari,Myasuda,false,1,enwiki,2024-10-27 03:19:26
1833425018,Amarpal Maurya,Adamantine123,false,364,enwiki,2024-10-27 03:19:28
1833425105,2026 FIFA World Cup qualification – CAF Group E,MRB16th,false,-55,enwiki,2024-10-27 03:19:39
1833425210,USS Owen,Dual Freq,false,200,enwiki,2024-10-27 03:19:57
1833424813,Talk:Suthon Sukphisit,Wizardman,false,25,enwiki,2024-10-27 03:18:53
1833424900,User:WP 1.0 bot/Tables/Project/Newfoundland and Labrador,WP 1.0 bot,true,-418,enwiki,2024-10-27 03:19:11
1833425006,Ahmed Al-Kaf,OpalYosutebito,false,10,enwiki,2024-10-27 03:19:24
1833425113,Daniel Waldenström,Revirvlkodlaku,false,54,enwiki,2024-10-27 03:19:41
1833425215,User:MacronMonitor/LinkAlerts,MacronMonitor,false,319,enwiki,2024-10-27 03:19:58
1833424814,Ammi Phillips,Ewulp,false,37,enwiki,2024-10-27 03:18:53
1833424901,1990 Ohio gubernatorial election,Indylover2010,false,27,enwiki,2024-10-27 03:19:09
1833425007,2024–25 figure skating season,Clemkr,false,327,enwiki,2024-10-27 03:19:18
1833425117,User:WP 1.0 bot/Tables/Project/Newspapers,WP 1.0 bot,true,0,enwiki,2024-10-27 03:19:42
1833425218,Wikipedia:Version 1.0 Editorial Team/North America articles by quality log,WP 1.0 bot,true,16310,enwiki,2024-10-27 03:19:59
1833425313,Nick Cannon,TheAmazingRaspberry,false,121,enwiki,2024-10-27 03:20:14
1833425404,Heath ministry,146.199.140.26,false,-124,enwiki,2024-10-27 03:20:33
1833425312,"Draft:A Man of Two Faces: A Memoir, A History, A Memorial",Phibeatrice,false,403,enwiki,2024-10-27 03:20:16
1833425406,Wikipedia:Version 1.0 Editorial Team/North Dakota articles by quality log,WP 1.0 bot,true,-547,enwiki,2024-10-27 03:20:35
1833425318,Black Angustias,Lord Cornwallis,false,169,enwiki,2024-10-27 03:20:17
1833425405,Cuxac-d'Aude,Monkbot,true,1,enwiki,2024-10-27 03:20:32
1833425407,Highlander: The Card Game,201.93.50.115,false,4,enwiki,2024-10-27 03:20:33
1833425304,Sid Youngelman,Carrite,false,171,enwiki,2024-10-27 03:20:13
1833425408,User:Stitchbird2/sandbox,Stitchbird2,false,70,enwiki,2024-10-27 03:20:34
1833425305,Buffalo eXtreme,TheNewMinistry,false,0,enwiki,2024-10-27 03:20:11
1833425411,Talk:Kingsley Eguakun,Wizardman,false,25,enwiki,2024-10-27 03:20:35
1833425306,Panorama (The Cars song),Rlendog,false,1,enwiki,2024-10-27 03:20:14
1833425412,Broncos–Raiders rivalry,Cheaters33,false,0,enwiki,2024-10-27 03:20:32
1833425307,1990 Ohio gubernatorial election,Indylover2010,false,46,enwiki,2024-10-27 03:20:12
1833425413,Battle of Las Navas de Tolosa,2600:1012:B317:C001:F1C0:E858:80F9:A644,false,360,enwiki,2024-10-27 03:20:34
1833425308,Alles auf Zucker!,Monkbot,true,1,enwiki,2024-10-27 03:20:14
1833425415,Matilda of Brunswick-Lüneburg,Monkbot,true,2,enwiki,2024-10-27 03:20:36
1833425310,Talk:Tinoda Machakaire,Wizardman,false,26,enwiki,2024-10-27 03:20:16
1833425418,List of Tottenham Hotspur F.C. managers,Mabbs001,false,11,enwiki,2024-10-27 03:20:35
1833425510,Avraham Katznelson,Techiya1925,false,3714,enwiki,2024-10-27 03:20:49
1833425614,Wikipedia:Version 1.0 Editorial Team/Numbers articles by quality log,WP 1.0 bot,true,-349,enwiki,2024-10-27 03:21:13
1833425512,Wikipedia:Version 1.0 Editorial Team/Notre Dame articles by quality log,WP 1.0 bot,true,-505,enwiki,2024-10-27 03:20:52
1833425615,Saint-Romain-le-Noble,Monkbot,true,1,enwiki,2024-10-27 03:21:11
1833425513,Polish crown jewels,Monkbot,true,1,enwiki,2024-10-27 03:20:50
1833425616,Wikipedia:Version 1.0 Editorial Team/Nursing articles by quality log,WP 1.0 bot,true,-692,enwiki,2024-10-27 03:21:14
1833425514,Talk:Klistan Lawrence,Wizardman,false,25,enwiki,2024-10-27 03:20:53
1833425618,Clinton Tyree,110.149.131.195,false,106,enwiki,2024-10-27 03:21:15
1833425517,User:WP 1.0 bot/Tables/Project/Northern Territory,WP 1.0 bot,true,102,enwiki,2024-10-27 03:20:53
1833425600,Wikipedia:Version 1.0 Editorial Team/Nudity articles by quality log,WP 1.0 bot,true,623,enwiki,2024-10-27 03:21:10
1833425602,Portal:Current events/2024 October 26,Stv59,false,-9,enwiki,2024-10-27 03:21:10
1833425604,Guillrey Anthony Andal,Aristorkle,false,0,enwiki,2024-10-27 03:21:09
1833425607,Draft:Candidates of the 45th Canadian federal election,G. Timothy Walton,false,292,enwiki,2024-10-27 03:20:58
1833425609,Tropical Storm Trami (2024),HurricaneEdgar,false,-1,enwiki,2024-10-27 03:21:04
1833425706,Talk:Luang Patpongpanich,Wizardman,false,28,enwiki,2024-10-27 03:21:27
1833425704,Leiden University Library,ThaesOfereode,false,-2,enwiki,2024-10-27 03:21:25
1833425717,Death of Liam Payne,VenezuelanSpongeBobFan2004,false,29,enwiki,2024-10-27 03:21:24
1833425701,Donta Scott,Koolcatz34,false,487,enwiki,2024-10-27 03:21:26
1833425702,User talk:Clovermoss,C.Yvon,false,362,enwiki,2024-10-27 03:21:26
1833425816,I Can See Your Voice (British game show) series 1,Saisønisse,false,-182,enwiki,2024-10-27 03:21:39
1833425912,Wikipedia:Version 1.0 Editorial Team/North American military history articles by quality log,WP 1.0 bot,true,-410,enwiki,2024-10-27 03:22:02
1833425915,Oraiokastro,Tony1,false,21,enwiki,2024-10-27 03:22:02
1833425914,User:Clarky y2k,Clarky y2k,false,2,enwiki,2024-10-27 03:22:04
1833425919,File:Trump DOJ BTC chart2024 Q3Q4.jpg,Music Air BB,false,-47,enwiki,2024-10-27 03:22:05
1833425900,The Futurological Congress,Monkbot,true,1,enwiki,2024-10-27 03:21:59
1833425901,Al-Aqsa,Arbeiten8,false,0,enwiki,2024-10-27 03:21:53
1833425905,Dusko Doder,121.98.87.151,false,61,enwiki,2024-10-27 03:22:01
1833426013,User:Techiya1925,Techiya1925,false,69,enwiki,2024-10-27 03:22:23
1833426015,List of countries by date of transition to a republican system of government,Monkbot,true,3,enwiki,2024-10-27 03:22:21
1833426000,Issoria eugenia,BD2412,false,-2,enwiki,2024-10-27 03:22:20
1833426102,Clerk (legislature),NotADev,false,1793,enwiki,2024-10-27 03:22:43
1833426104,"Wikipedia:Version 1.0 Editorial Team/Orders, decorations, and medals articles by quality log",WP 1.0 bot,true,-1552,enwiki,2024-10-27 03:22:46
1833426106,Ice hockey at the Winter World University Games,2804:14C:658F:4119:7C9C:A434:23AA:7DAD,false,365,enwiki,2024-10-27 03:22:45
1833426108,Royal city in Polish–Lithuanian Commonwealth,Monkbot,true,2,enwiki,2024-10-27 03:22:45
1833426110,"User:WP 1.0 bot/Tables/Project/Orders, decorations, and medals",WP 1.0 bot,true,0,enwiki,2024-10-27 03:22:47
1833426111,Draft talk:Spider-Man: Beyond the Spider-Verse,Trailblazer101,false,182,enwiki,2024-10-27 03:22:45
1833426113,Coast Conference,Thetreesarespeakingtome,false,426,enwiki,2024-10-27 03:22:41
1833426118,User:WP 1.0 bot/Tables/Project/Organized crime,WP 1.0 bot,true,0,enwiki,2024-10-27 03:22:49
1833426119,Wikipedia:Version 1.0 Editorial Team/Organized crime articles by quality log,WP 1.0 bot,true,-204,enwiki,2024-10-27 03:22:51
1833426212,Saint-Vaury,Monkbot,true,1,enwiki,2024-10-27 03:23:09
1833426213,Swift Dam,2601:1C2:4301:1C80:4CED:357F:52C8:D58E,false,-29,enwiki,2024-10-27 03:23:11
1833426214,Ione Virginia Hill Cowles,BD2412,false,-1,enwiki,2024-10-27 03:23:12
1833426216,Wikipedia:Version 1.0 Editorial Team/Outlines articles by quality log,WP 1.0 bot,true,-451,enwiki,2024-10-27 03:23:14
1833426215,1989 in American television,Reese3196,false,-1,enwiki,2024-10-27 03:23:11
1833426201,Professional regurgitation,Felipe Von Spix,false,-265,enwiki,2024-10-27 03:23:08
1833426217,University technical institute (France),Tony1,false,-26,enwiki,2024-10-27 03:23:13
1833426202,Wikipedia:Version 1.0 Editorial Team/Ottoman military history articles by quality log,WP 1.0 bot,true,807,enwiki,2024-10-27 03:23:08
1833426208,Wikipedia:Version 1.0 Editorial Team/Organized labour articles by quality log,WP 1.0 bot,true,-1317,enwiki,2024-10-27 03:23:10
1833426210,User:WP 1.0 bot/Tables/Project/Organized labour,WP 1.0 bot,true,0,enwiki,2024-10-27 03:23:11
1833426211,Hoppity Hooper,98.168.245.52,false,-1,enwiki,2024-10-27 03:23:11
1833426311,Wikipedia:Version 1.0 Editorial Team/Pakistani cinema articles by quality log,WP 1.0 bot,true,-5865,enwiki,2024-10-27 03:23:29
1833426312,Niketas Abalantes,Monkbot,true,1,enwiki,2024-10-27 03:23:29
1833426313,Roman Catholic Diocese of Smolensk,Josh wertheim,false,30,enwiki,2024-10-27 03:23:29
1833426316,North Donegal (UK Parliament constituency),Pedia9jb6l,false,-3,enwiki,2024-10-27 03:23:29
1833426318,Ahmed Al-Kaf,OpalYosutebito,false,3,enwiki,2024-10-27 03:23:29
1833426317,Draft:Members of Parliament of the 15th Malaysian Parliament,KangawaOsaka2050,false,1,enwiki,2024-10-27 03:23:28
1833426301,Wikipedia:Reference desk/Humanities,Scsbot,true,-2963,enwiki,2024-10-27 03:23:26
1833426302,Spider-Noir,Trailblazer101,false,5,enwiki,2024-10-27 03:23:27
1833426305,1994 Ohio gubernatorial election,Indylover2010,false,34,enwiki,2024-10-27 03:23:26
1833426307,Ted Bollard,Naraht,false,-1,enwiki,2024-10-27 03:23:27
1833426413,User:WP 1.0 bot/Tables/Project/Overseas France,WP 1.0 bot,true,-282,enwiki,2024-10-27 03:23:42
1833426414,User:SDZeroBot/NPP sorting,SDZeroBot,true,0,enwiki,2024-10-27 03:23:44
1833426417,Darłowo Lighthouse,Monkbot,true,1,enwiki,2024-10-27 03:23:43
1833426419,Brakna Region,JalenBarks,false,0,enwiki,2024-10-27 03:23:44
1833426503,Bennion,Naraht,false,-1,enwiki,2024-10-27 03:23:58
1833426506,User:SDZeroBot/NPP sorting/Geography/Regions/Europe,SDZeroBot,true,-1450,enwiki,2024-10-27 03:23:54
357994502,Zautendorfer Bach,Anarabert,false,15,dewiki,2024-10-27 03:23:41
1833426519,Nabinaud,Monkbot,true,1,enwiki,2024-10-27 03:23:57
1833426407,Sia,HMSLavender,false,0,enwiki,2024-10-27 03:23:33
1833426411,"Juillac, Corrèze",Monkbot,true,1,enwiki,2024-10-27 03:23:39
1833426412,Ahmed Al-Kaf,OpalYosutebito,false,3,enwiki,2024-10-27 03:23:41
1833426610,User:SDZeroBot/NPP sorting/Geography/Regions/Americas/South America,SDZeroBot,true,1100,enwiki,2024-10-27 03:24:14
1833426700,Seychelles black parrot,2607:FE68:5000:1561:1:2:93AD:E94F,false,3,enwiki,2024-10-27 03:24:30
1833426800,The Battle (1934 film),Naraht,false,-1,enwiki,2024-10-27 03:24:48
1833426918,Savinsky District,Monkbot,true,1,enwiki,2024-10-27 03:25:03
1833426611,Shake Weight,173.52.117.50,false,95,enwiki,2024-10-27 03:24:16
1833426702,User:WP 1.0 bot/Tables/Project/Organization,WP 1.0 bot,true,0,enwiki,2024-10-27 03:24:32
1833426802,"Hugh O'Neill, Earl of Tyrone",SkywalkerEccleston,false,4,enwiki,2024-10-27 03:24:38
357994506,Khmer-Schrift,RPI,false,7,dewiki,2024-10-27 03:24:14
1833426615,TV's 50 Greatest Stars,2A02:C7C:649C:E900:D5AF:F4F2:6484:BD2B,false,3,enwiki,2024-10-27 03:24:15
1833426701,Wikipedia:Version 1.0 Editorial Team/Novel articles by quality log,WP 1.0 bot,true,-21285,enwiki,2024-10-27 03:24:30
1833426808,"Church of Mother of God of the Rosary, Soly",Monkbot,true,2,enwiki,2024-10-27 03:24:47
1833426618,1994 Ohio gubernatorial election,Indylover2010,false,26,enwiki,2024-10-27 03:24:15
1833426707,Kaph,JalenBarks,false,1,enwiki,2024-10-27 03:24:31
1833426812,User:WP 1.0 bot/Tables/Project/Palaeontology,WP 1.0 bot,true,0,enwiki,2024-10-27 03:24:49
1833426601,Wikipedia:Version 1.0 Editorial Team/Pennsylvania State University articles by quality log,WP 1.0 bot,true,-569,enwiki,2024-10-27 03:24:16
1833426714,Rayssac,Monkbot,true,1,enwiki,2024-10-27 03:24:32
1833426814,Stavro Skëndi,MrLinkinPark333,false,211,enwiki,2024-10-27 03:24:49
1833426602,Afrika Bambaataa,Citation bot,true,22,enwiki,2024-10-27 03:24:13
1833426715,User:SDZeroBot/NPP sorting/Geography/Regions/Europe/Northern Europe,SDZeroBot,true,2965,enwiki,2024-10-27 03:24:28
1833426818,Nazi crime,Monkbot,true,1,enwiki,2024-10-27 03:24:50
1833426603,List of programs broadcast by Up TV,2601:205:4800:3860:8103:C3F:C4A:10F8,false,188,enwiki,2024-10-27 03:24:13
1833426719,User:SDZeroBot/NPP sorting/Culture/Visual arts/Architecture,SDZeroBot,true,24,enwiki,2024-10-27 03:24:34
1833426900,User:SDZeroBot/NPP sorting/History and Society/Politics and government,SDZeroBot,true,3090,enwiki,2024-10-27 03:24:58
357994509,Formel-1-Weltmeisterschaft 2024,Wiki Phantomias,false,1,dewiki,2024-10-27 03:25:05
1833427008,Wikipedia:Requests for page protection/Increase,Daniel Quinlan,false,299,enwiki,2024-10-27 03:25:18
1833426605,User:SDZeroBot/NPP sorting/Geography/Regions/Africa/Southern Africa,SDZeroBot,true,1036,enwiki,2024-10-27 03:24:16
1833426901,User:WP 1.0 bot/Tables/Project/Peru,WP 1.0 bot,true,0,enwiki,2024-10-27 03:25:02
1833426604,Zionist Federation of Germany,Monkbot,true,1,enwiki,2024-10-27 03:24:15
1833426718,Gary Grubbs,EAV89,false,-2,enwiki,2024-10-27 03:24:34
1833426910,User:SDZeroBot/NPP sorting/STEM/Medicine & Health,SDZeroBot,true,-1501,enwiki,2024-10-27 03:25:02
1833426606,Anatolia,Vsmith,false,0,enwiki,2024-10-27 03:24:12
1833426801,Krotoa,2601:240:C480:89E0:FC70:9740:7EB9:3884,false,154,enwiki,2024-10-27 03:24:48
1833426915,User:SDZeroBot/NPP sorting/Culture/Media/Music,SDZeroBot,true,1094,enwiki,2024-10-27 03:25:01
1833427009,Kenny Saief,Regioncalifornia,false,240,enwiki,2024-10-27 03:25:18
1833427010,XHESC-FM,AngelCaamalAcopa,false,-84,enwiki,2024-10-27 03:25:19
1833427012,Antonio Cromartie,Red Director,false,-34,enwiki,2024-10-27 03:25:17
1833427013,Aleksandr Shustov,Monkbot,true,1,enwiki,2024-10-27 03:25:18
1833427016,Sing Tao News Corporation,Citation bot,true,-2,enwiki,2024-10-27 03:25:18
1833427014,Black Angustias,Lord Cornwallis,false,27,enwiki,2024-10-27 03:25:20
1833427111,Nesto (company),Mr.EugeneKrab$,false,-48,enwiki,2024-10-27 03:25:37
1833427202,Wikipedia:Version 1.0 Editorial Team/Pipe organ articles by quality log,WP 1.0 bot,true,-4437,enwiki,2024-10-27 03:25:56
1833427415,User:WP 1.0 bot/Tables/Project/Polish military history,WP 1.0 bot,true,0,enwiki,2024-10-27 03:26:31
1833427509,Euro T20 Slam,2409:40E1:10B5:B137:C87A:E2FF:FEAE:2ACF,false,35,enwiki,2024-10-27 03:26:46
1833427602,T. J. Hockenson,Jrooster49,false,-20,enwiki,2024-10-27 03:27:00
1833427805,User:Liz/CSD log,Liz,false,166,enwiki,2024-10-27 03:27:19
1833427113,Wikipedia:Version 1.0 Editorial Team/Pakistan articles by quality log,WP 1.0 bot,true,-708584,enwiki,2024-10-27 03:25:25
1833427210,Sam Davies (rugby union),2A0B:5F04:4019:4900:285E:BFA6:3F06:5558,false,1,enwiki,2024-10-27 03:25:57
1833427510,User:AnomieBOT III/Broken redirects,AnomieBOT III,true,-502,enwiki,2024-10-27 03:26:50
1833427604,Free State of Bottleneck,Monkbot,true,1,enwiki,2024-10-27 03:27:00
1833427809,You Can't Kill Me,2600:1700:580:AF0:5DCA:2C73:8333:38C7,false,-790,enwiki,2024-10-27 03:27:37
1833427115,1823 Vermont gubernatorial election,ZackCarns,false,0,enwiki,2024-10-27 03:25:37
357994513,Benutzer:Diopuld/Artikelentwurf,Diopuld,false,154,dewiki,2024-10-27 03:25:43
1833427213,Casimir I the Restorer,Monkbot,true,1,enwiki,2024-10-27 03:25:56
357994516,Benutzer:KaiMartin/BestOfDNB,KaiMartin,false,218,dewiki,2024-10-27 03:26:21
1833427608,User:WP 1.0 bot/Tables/Project/Polynesia,WP 1.0 bot,true,1,enwiki,2024-10-27 03:27:03
1833427812,User:WP 1.0 bot/Tables/Project/Protected areas of India,WP 1.0 bot,true,0,enwiki,2024-10-27 03:27:39
1833427119,Joey Hauser,Koolcatz34,false,401,enwiki,2024-10-27 03:25:38
357994514,Elektromagnetische Welle,KaiMartin,false,-64,dewiki,2024-10-27 03:25:49
1833427214,User talk:TheresNoTime,ClueBot III,true,-2658,enwiki,2024-10-27 03:25:57
1833427304,User:WP 1.0 bot/Tables/Project/Pittsburgh,WP 1.0 bot,true,0,enwiki,2024-10-27 03:26:12
1833427611,Energy Market Authority,Minorax,false,12,enwiki,2024-10-27 03:27:03
1833427811,Great Purge,Myasuda,false,1,enwiki,2024-10-27 03:27:34
1833427101,"Honey Grove, Texas",No No No No Name fu,false,19,enwiki,2024-10-27 03:25:32
1833427215,Israeli Pro Wrestling Association,147.235.198.45,false,1323,enwiki,2024-10-27 03:25:57
1833427316,"Trinity College, Cambridge",GuardianH,false,-1,enwiki,2024-10-27 03:26:10
1833427401,"John de Bermingham, 1st Earl of Louth",Citation bot,true,2,enwiki,2024-10-27 03:26:29
1833427613,"Theodosia, Kilkis",Monkbot,true,1,enwiki,2024-10-27 03:27:03
1833427814,Nederlandse Omroep Stichting,Starkiryu64,false,-12,enwiki,2024-10-27 03:27:39
1833427102,User:Stitchbird2/sandbox,Stitchbird2,false,355,enwiki,2024-10-27 03:25:33
357994512,Judería,92.210.50.4,false,27,dewiki,2024-10-27 03:25:40
1833427216,XHTH-FM,AngelCaamalAcopa,false,-85,enwiki,2024-10-27 03:25:58
1833427318,Wikipedia:Version 1.0 Editorial Team/Pittsburgh articles by quality log,WP 1.0 bot,true,1079,enwiki,2024-10-27 03:26:14
1833427404,Kamala Harris 2020 presidential campaign,2607:FEA8:22DE:1F20:910E:3BAE:8811:D5FC,false,189,enwiki,2024-10-27 03:26:22
1833427614,2024 Pacific typhoon season,112.207.175.3,false,18,enwiki,2024-10-27 03:26:56
1833427701,Nesto (company),Mr.EugeneKrab$,false,13,enwiki,2024-10-27 03:27:25
1833427813,Washington Mystics,67.6.141.25,false,4,enwiki,2024-10-27 03:27:38
1833427103,"South Downtown, Warsaw",Blackballnz,false,-860,enwiki,2024-10-27 03:25:31
1833427217,Lalalala (song),75.83.246.20,false,31,enwiki,2024-10-27 03:25:55
1833427317,Roussel de Bailleul,Citation bot,true,4,enwiki,2024-10-27 03:26:13
1833427407,Christian Darrisaw,Jrooster49,false,9,enwiki,2024-10-27 03:26:29
1833427615,Wikipedia:Version 1.0 Editorial Team/Polynesia articles by quality log,WP 1.0 bot,true,2254,enwiki,2024-10-27 03:27:05
1833427703,Simona Malpezzi,AviationEnzo,false,50,enwiki,2024-10-27 03:27:25
1833427815,Szczecinek County,Monkbot,true,1,enwiki,2024-10-27 03:27:40
1833427107,Emoia kuekenthali,Lyttle-Wight,false,162,enwiki,2024-10-27 03:25:36
1833427219,User talk:Kieronoldham,Davidgoodheart,false,-20,enwiki,2024-10-27 03:25:59
1833427408,María Elena Marqués,Lord Cornwallis,false,1,enwiki,2024-10-27 03:26:29
357994518,SSV Jeddeloh,95.223.78.130,false,92,dewiki,2024-10-27 03:26:33
1833427501,Deaths in October 1988,Bryan Krippner,false,294,enwiki,2024-10-27 03:26:46
1833427617,1998 Ohio gubernatorial election,Indylover2010,false,55,enwiki,2024-10-27 03:27:04
1833427710,Wikipedia:Version 1.0 Editorial Team/Pop music articles by quality log,WP 1.0 bot,true,-2143,enwiki,2024-10-27 03:27:25
1833427816,Talk:Hurricane Helene,Zzzs,false,303,enwiki,2024-10-27 03:27:37
1833427108,1994 Ohio gubernatorial election,Indylover2010,false,29,enwiki,2024-10-27 03:25:35
1833427411,User:WP 1.0 bot/Tables/Project/Pennsylvania,WP 1.0 bot,true,0,enwiki,2024-10-27 03:26:30
357994519,Benutzer:Diopuld/Artikelentwurf,Diopuld,false,4,dewiki,2024-10-27 03:26:40
1833427505,User:Nfitz/sandbox/List of Doctor Who novelisations,Nfitz,false,2,enwiki,2024-10-27 03:26:45
1833427600,HMS Thanet (H29),Naraht,false,-1,enwiki,2024-10-27 03:26:58
1833427619,Pazmiño,50.81.237.112,false,-1258,enwiki,2024-10-27 03:27:04
1833427817,"Draft:A Man of Two Faces: A Memoir, A History, A Memorial",Phibeatrice,false,440,enwiki,2024-10-27 03:27:41
1833427110,Charmes-sur-l'Herbasse,Monkbot,true,1,enwiki,2024-10-27 03:25:34
1833427410,"Neochori, Zacharo",Monkbot,true,1,enwiki,2024-10-27 03:26:29
1833427507,Gdynia Maritime University,Monkbot,true,1,enwiki,2024-10-27 03:26:47
1833427601,Wikipedia:Version 1.0 Editorial Team/Pornography articles by quality log,WP 1.0 bot,true,-1431,enwiki,2024-10-27 03:27:02
1833427802,Beychac-et-Caillau,Monkbot,true,1,enwiki,2024-10-27 03:27:36
1833427902,Matilde Landeta,Lord Cornwallis,false,-2,enwiki,2024-10-27 03:28:01
1833428012,Sydney Metro Northwest,WikiWanderer261,false,-45,enwiki,2024-10-27 03:28:17
1833428102,Teppen—!!!,142.189.72.77,false,13,enwiki,2024-10-27 03:28:30
1833428208,Wikipedia:Version 1.0 Editorial Team/Qatar articles by quality log,WP 1.0 bot,true,-44,enwiki,2024-10-27 03:28:51
1833428307,Albertoyos,CarMarOrt,false,106,enwiki,2024-10-27 03:29:08
1833427903,User talk:BlackDarkRebel,Helpful Raccoon,false,-2,enwiki,2024-10-27 03:28:02
1833428000,Kato Makrinou,Monkbot,true,1,enwiki,2024-10-27 03:28:17
1833428107,Wikipedia:Version 1.0 Editorial Team/Olympics articles by quality log,WP 1.0 bot,true,-1482,enwiki,2024-10-27 03:28:30
1833428210,Brod Bagert,IveBeenPlaying,false,20,enwiki,2024-10-27 03:28:50
1833428314,Susana Clement,Citation bot,true,-24,enwiki,2024-10-27 03:29:08
1833427907,Wikipedia:Version 1.0 Editorial Team/Professional wrestling articles by quality log,WP 1.0 bot,true,495,enwiki,2024-10-27 03:28:03
1833428110,User talk:50.102.149.14,50.102.149.14,false,23,enwiki,2024-10-27 03:28:32
1833428219,Jesus' authority questioned,Monkbot,true,1,enwiki,2024-10-27 03:28:52
1833428316,Wieliczka County,Monkbot,true,1,enwiki,2024-10-27 03:29:09
1833427909,User:Techiya1925,Techiya1925,false,-567,enwiki,2024-10-27 03:28:03
1833428001,Lunchables,2A00:23C5:59BE:5200:314E:AEBC:48D0:8925,false,35,enwiki,2024-10-27 03:28:18
1833428112,Masood Abbas,SheriffIsInTown,false,-22,enwiki,2024-10-27 03:28:32
1833428218,Ricardo Montalbán,Lacon432,false,0,enwiki,2024-10-27 03:28:50
1833428318,"Draft:A Man of Two Faces: A Memoir, A History, A Memorial",Phibeatrice,false,332,enwiki,2024-10-27 03:29:09
1833427915,Theodoros Tselidis,Monkbot,true,2,enwiki,2024-10-27 03:28:02
1833428006,Talk:Chris Sabin,2601:5CC:C580:66B0:D576:9960:4968:417E,false,481,enwiki,2024-10-27 03:28:18
1833428114,User:WP 1.0 bot/Tables/Project/Olympics,WP 1.0 bot,true,0,enwiki,2024-10-27 03:28:32
1833428007,Abraham Fornander,FrinkMan,false,0,enwiki,2024-10-27 03:28:19
1833428116,Saint-Germain-et-Mons,Monkbot,true,1,enwiki,2024-10-27 03:28:31
1833428300,Matt Clark (baseball),Citation bot,true,-2,enwiki,2024-10-27 03:29:05
1833427919,Kate Langbroek,1.145.107.6,false,-10,enwiki,2024-10-27 03:28:04
1833428008,Talk:Masood Abbas,SheriffIsInTown,false,3,enwiki,2024-10-27 03:28:19
1833428117,Michigan–Michigan State football rivalry,2601:140:8C00:4200:803:ABBD:5593:9195,false,-6,enwiki,2024-10-27 03:28:27
1833428200,2024 Men's Hockey One,Lachie23,false,435,enwiki,2024-10-27 03:28:47
1833427918,Zeb Wells,SadaharuWhoa,false,2,enwiki,2024-10-27 03:28:03
1833428009,1998 Ohio gubernatorial election,Indylover2010,false,46,enwiki,2024-10-27 03:28:17
1833428118,Bound for Glory (2024),A.lanzetta,false,11,enwiki,2024-10-27 03:28:33
1833428203,Highlander (comics),201.93.50.115,false,-78,enwiki,2024-10-27 03:28:49
1833428010,1819 Vermont gubernatorial election,ZackCarns,false,0,enwiki,2024-10-27 03:28:19
1833428204,User:WP 1.0 bot/Tables/Project/Qatar,WP 1.0 bot,true,0,enwiki,2024-10-27 03:28:49
1833428305,User:WP 1.0 bot/Tables/Project/Rail transport in Germany,WP 1.0 bot,true,0,enwiki,2024-10-27 03:29:07
1833427900,Wikipedia:Linter/reports/Pages by Non-Font Lint Errors,SDZeroBot,true,25,enwiki,2024-10-27 03:27:50
1833428013,2024 World Series,Allen2,false,13,enwiki,2024-10-27 03:28:17
1833428101,1914 California gubernatorial election,NewishIdeas,false,657,enwiki,2024-10-27 03:28:25
1833428205,Žemaičių Naumiestis,Monkbot,true,2,enwiki,2024-10-27 03:28:49
1833428306,Saint-Jean-du-Gard,Monkbot,true,1,enwiki,2024-10-27 03:29:05
1833428403,Essaouira,Ileagae,false,-668,enwiki,2024-10-27 03:29:20
1833428508,Wikipedia:Redirects for discussion/Log/2024 October 27,Cremastra,false,1160,enwiki,2024-10-27 03:29:42
1833428613,Wikipedia:Version 1.0 Editorial Team/Religious texts articles by quality log,WP 1.0 bot,true,-553,enwiki,2024-10-27 03:30:00
1833428900,The Bled (EP),Mes tex,false,-5,enwiki,2024-10-27 03:30:38
1833429017,Wikipedia:Version 1.0 Editorial Team/Rhode Island articles by quality log,WP 1.0 bot,true,3314,enwiki,2024-10-27 03:30:55
1833429118,User:WP 1.0 bot/Tables/Project/Romani people,WP 1.0 bot,true,0,enwiki,2024-10-27 03:31:20
1833428405,Marvel Epic Collection,Peterspeterson,false,192,enwiki,2024-10-27 03:29:13
1833428510,Talk:Moorish sovereign citizens,Cremastra,false,796,enwiki,2024-10-27 03:29:42
1833428615,Palasport Olimpico and Stadio Comunale area in Turin,TiMike,false,80,enwiki,2024-10-27 03:30:00
1833428711,Talk:2009 swine flu pandemic by country,PARAKANYAA,false,45,enwiki,2024-10-27 03:30:06
1833428801,The Distant Land,Monkbot,true,1,enwiki,2024-10-27 03:30:21
1833428901,User:Stitchbird2/sandbox,Stitchbird2,false,-1,enwiki,2024-10-27 03:30:36
1833429117,Barbaste,Monkbot,true,1,enwiki,2024-10-27 03:31:18
1833428406,Evan Ferguson,Hajime14,false,412,enwiki,2024-10-27 03:29:23
1833428509,Neo-moors,Cremastra,false,472,enwiki,2024-10-27 03:29:42
1833428616,Julio Foolio,Clioos,false,9,enwiki,2024-10-27 03:30:00
1833428715,John Mannion (American politician),Pemilligan,false,43,enwiki,2024-10-27 03:30:09
1833428809,Indian locomotive class WDM-2,Stephan Leeds,false,12,enwiki,2024-10-27 03:30:23
1833428905,Preikapė,Monkbot,true,2,enwiki,2024-10-27 03:30:37
1833429000,User:Stitchbird2/sandbox,Stitchbird2,false,1,enwiki,2024-10-27 03:30:51
1833429100,2002 Ohio gubernatorial election,Indylover2010,false,28,enwiki,2024-10-27 03:31:13
1833428408,Wikipedia:Version 1.0 Editorial Team/Queensland articles by quality log,WP 1.0 bot,true,-13548,enwiki,2024-10-27 03:29:25
1833428511,Antonio De Poli,AviationEnzo,false,50,enwiki,2024-10-27 03:29:43
1833428617,Balaur,KHR FolkMyth,false,524,enwiki,2024-10-27 03:30:00
1833428719,Martyrs of Turon,XTheBedrockX,false,41,enwiki,2024-10-27 03:30:11
1833428810,Ahmed Al-Kaf,OpalYosutebito,false,-87,enwiki,2024-10-27 03:30:23
1833428913,Fixed register,MONTENSEM,false,43,enwiki,2024-10-27 03:30:40
1833429001,"Cescau, Pyrénées-Atlantiques",Monkbot,true,1,enwiki,2024-10-27 03:30:49
1833429102,Wikipedia:Version 1.0 Editorial Team/Romance articles by quality log,WP 1.0 bot,true,902,enwiki,2024-10-27 03:31:17
1833428409,Talk:Soviet atrocities committed against prisoners of war during World War II,PARAKANYAA,false,8,enwiki,2024-10-27 03:29:25
1833428513,User:WP 1.0 bot/Tables/Project/Record labels,WP 1.0 bot,true,0,enwiki,2024-10-27 03:29:43
1833428811,The Castle in Flanders,Monkbot,true,1,enwiki,2024-10-27 03:30:24
1833428914,Category:Harper Hawks football coaches,Jweiss11,false,43,enwiki,2024-10-27 03:30:40
1833429002,The Vote That Counted,Sc2353,false,48,enwiki,2024-10-27 03:30:52
1833429101,Zhuravlino,Monkbot,true,2,enwiki,2024-10-27 03:31:15
1833428410,Malvezie,Monkbot,true,1,enwiki,2024-10-27 03:29:23
1833428515,The Art of War (Bone Thugs-n-Harmony album),AstonishingTunesAdmirer,false,24,enwiki,2024-10-27 03:29:42
1833428813,2024 El Gouna Film Festival,Phantom Oficiall,false,24,enwiki,2024-10-27 03:30:25
1833429006,Wikipedia:Version 1.0 Editorial Team/Plant articles by quality log,WP 1.0 bot,true,-7996,enwiki,2024-10-27 03:30:52
1833429105,Robert Lewandowski,SukunaZenin,false,17,enwiki,2024-10-27 03:31:07
1833428412,User:WP 1.0 bot/Tables/Project/Queensland,WP 1.0 bot,true,0,enwiki,2024-10-27 03:29:26
1833428518,French Riviera,Monkbot,true,1,enwiki,2024-10-27 03:29:40
1833428600,Wikipedia:Version 1.0 Editorial Team/Regional Mexican music articles by quality log,WP 1.0 bot,true,-528,enwiki,2024-10-27 03:29:58
1833428816,Wikipedia:Version 1.0 Editorial Team/Rick Riordan task force articles by quality log,WP 1.0 bot,true,-535,enwiki,2024-10-27 03:30:26
1833429009,User:WP 1.0 bot/Tables/Project/Rhode Island,WP 1.0 bot,true,0,enwiki,2024-10-27 03:30:54
1833429106,Wikipedia:Contributor copyright investigations/Arfaz,The4lines,false,569,enwiki,2024-10-27 03:31:12
1833428519,User talk:Outrune/Vines,Outrune,false,4,enwiki,2024-10-27 03:29:44
1833428604,New Braunfels High School,2600:100C:B0BF:F27:BC6B:1865:EA25:E9CC,false,0,enwiki,2024-10-27 03:29:56
1833428815,Joe Bob Briggs,181.239.18.213,false,12,enwiki,2024-10-27 03:30:22
1833429010,Konets Gor,Monkbot,true,1,enwiki,2024-10-27 03:30:53
1833429110,User:WP 1.0 bot/Tables/Project/Romance,WP 1.0 bot,true,0,enwiki,2024-10-27 03:31:18
1833428608,"Lussat, Creuse",Monkbot,true,1,enwiki,2024-10-27 03:29:56
1833428817,Ashta Lakshmi,Shreyag97,false,10,enwiki,2024-10-27 03:30:25
1833429011,List of reportedly haunted locations in Colombia,Juandavid ph,false,67,enwiki,2024-10-27 03:30:54
1833429113,Bound for Glory (2024),A.lanzetta,false,494,enwiki,2024-10-27 03:31:18
1833428506,Talk:Xifeng concentration camp,PARAKANYAA,false,10,enwiki,2024-10-27 03:29:39
1833428609,Black Angustias,Lord Cornwallis,false,27,enwiki,2024-10-27 03:29:59
1833428707,User:WP 1.0 bot/Tables/Project/Radio station,WP 1.0 bot,true,0,enwiki,2024-10-27 03:30:11
1833428819,Evadi Gola Vaadidhi,Dhtwiki,false,-23,enwiki,2024-10-27 03:30:25
1833429014,User:SDZeroBot/AfD sorting,SDZeroBot,true,-1394,enwiki,2024-10-27 03:30:47
1833429115,2024–25 North Dakota Fighting Hawks men's ice hockey season,Marchiviste,false,16,enwiki,2024-10-27 03:31:17
1833429415,Indian locomotive class WDP-4,Stephan Leeds,false,8,enwiki,2024-10-27 03:32:27
1833429518,Wikipedia:Version 1.0 Editorial Team/Road transport articles by quality log,WP 1.0 bot,true,-49397,enwiki,2024-10-27 03:32:51
1833429418,Madison De La Garza,SNUGGUMS,false,8,enwiki,2024-10-27 03:32:28
1833429500,FanDuel Sports Network Florida,Esolo5002,false,-35,enwiki,2024-10-27 03:32:44
1833429200,User:Krisgabwoosh/Germán Busch 2,Krisgabwoosh,false,0,enwiki,2024-10-27 03:31:36
1833429301,2024 Taolu World Cup,Yinglong999,false,616,enwiki,2024-10-27 03:31:58
1833429417,Juice Wrld discography,Fs634152,false,2,enwiki,2024-10-27 03:32:20
1833429501,Ioannis Pagomenos,Monkbot,true,1,enwiki,2024-10-27 03:32:46
1833429201,User talk:Outrune/Vines,Outrune,false,31,enwiki,2024-10-27 03:31:37
1833429306,Wikipedia talk:WikiProject Formula One,Mb2437,false,0,enwiki,2024-10-27 03:32:03
1833429419,The Dancer of Sanssouci,Monkbot,true,1,enwiki,2024-10-27 03:32:29
1833429506,Wikipedia:Version 1.0 Editorial Team/Romania articles by quality log,WP 1.0 bot,true,-1617,enwiki,2024-10-27 03:32:49
1833429202,2002 Ohio gubernatorial election,Indylover2010,false,49,enwiki,2024-10-27 03:31:35
1833429310,"Bouillac, Aveyron",Monkbot,true,1,enwiki,2024-10-27 03:32:01
1833429505,Tarek William Saab,2804:5C:558B:F600:17A0:E016:8BAC:B95D,false,68,enwiki,2024-10-27 03:32:44
1833429204,Eye care professional,Ldavinx,false,10,enwiki,2024-10-27 03:31:38
1833429312,2024 Monte-Carlo Masters,IceVolcano-26,false,-2,enwiki,2024-10-27 03:32:01
1833429512,Jordan Ikoko,Lepricavark,false,12,enwiki,2024-10-27 03:32:48
1833429210,Wikipedia:Version 1.0 Editorial Team/Royal Society articles by quality log,WP 1.0 bot,true,0,enwiki,2024-10-27 03:31:41
1833429313,Ballinalack,Declangi,false,102,enwiki,2024-10-27 03:32:05
1833429513,Binkelj,Monkbot,true,1,enwiki,2024-10-27 03:32:49
1833429214,Ilia Karankevich,Monkbot,true,2,enwiki,2024-10-27 03:31:39
1833429314,User:Solarence,Zinnober9,false,5,enwiki,2024-10-27 03:32:04
1833429402,FanDuel Sports Network Great Lakes,Esolo5002,false,-39,enwiki,2024-10-27 03:32:24
1833429218,Template:College Park Skyhawks current roster,Koolcatz34,false,346,enwiki,2024-10-27 03:31:42
1833429315,Typhlosion,(Oinkers42),false,4,enwiki,2024-10-27 03:32:04
1833429404,Wikipedia:Version 1.0 Editorial Team/Politics articles by quality log,WP 1.0 bot,true,-71245,enwiki,2024-10-27 03:32:11
1833429516,Indian locomotive class WDP-1,Stephan Leeds,false,4,enwiki,2024-10-27 03:32:50
1833429317,List of English words of French origin,Actarus176,false,5,enwiki,2024-10-27 03:32:06
1833429407,Tourkovounia,Monkbot,true,2,enwiki,2024-10-27 03:32:26
1833429515,Template:TCDD stock,EditorGirlAL07,false,23,enwiki,2024-10-27 03:32:51
1833429615,Wikipedia:Version 1.0 Editorial Team/Russia (visual arts) articles by quality log,WP 1.0 bot,true,-375,enwiki,2024-10-27 03:33:12
1833429709,Autism and LGBTQ identities,Mitch Ames,false,-3,enwiki,2024-10-27 03:33:36
1833429808,Wikipedia:Contributor copyright investigations/Adelee296,GreenLipstickLesbian,false,430,enwiki,2024-10-27 03:33:58
1833430018,Wikipedia:Version 1.0 Editorial Team/Saskatchewan road transport articles by quality log,WP 1.0 bot,true,-359,enwiki,2024-10-27 03:34:34
1833430103,Kotredež,Monkbot,true,2,enwiki,2024-10-27 03:34:50
1833429614,2024 in American soccer,Tomrtn,false,-4,enwiki,2024-10-27 03:33:01
1833429714,Vallabrix,Monkbot,true,1,enwiki,2024-10-27 03:33:36
1833429814,"Saint-Cirgues, Lot",Monkbot,true,1,enwiki,2024-10-27 03:33:57
1833429900,Erika Cruz,Citation bot,true,24,enwiki,2024-10-27 03:34:11
1833430019,Novoostankovo,Monkbot,true,1,enwiki,2024-10-27 03:34:32
1833429715,User:WP 1.0 bot/Tables/Project/Saint Kitts and Nevis,WP 1.0 bot,true,0,enwiki,2024-10-27 03:33:38
1833429817,Hope,Jlwoodwa,false,-5,enwiki,2024-10-27 03:33:59
1833429905,Wikipedia:Version 1.0 Editorial Team/San Diego articles by quality log,WP 1.0 bot,true,-1134,enwiki,2024-10-27 03:34:14
1833430107,North Korea women's national under-17 football team,125.181.190.223,false,0,enwiki,2024-10-27 03:34:48
1833429616,Iron Man's armor,2600:1702:5609:5C00:2958:80C:4F8:FB6F,false,0,enwiki,2024-10-27 03:33:11
1833429716,Ọranyan,Sohvyan,false,-148,enwiki,2024-10-27 03:33:39
1833429904,Kočno pri Polskavi,Monkbot,true,1,enwiki,2024-10-27 03:34:12
1833430000,"Potamia, Thasos",Monkbot,true,1,enwiki,2024-10-27 03:34:29
1833430110,Draft:Haute Couture (EP),Random86,false,200,enwiki,2024-10-27 03:34:53
1833429619,Saint-Côme,Monkbot,true,1,enwiki,2024-10-27 03:33:10
1833429718,Jordan Sebban,Lepricavark,false,12,enwiki,2024-10-27 03:33:39
1833429909,William H. Macy,TheAmazingRaspberry,false,96,enwiki,2024-10-27 03:34:12
1833430002,Talk:Gaza humanitarian crisis (2023–present),Wafflefrites,false,445,enwiki,2024-10-27 03:34:26
1833430111,Wikipedia:Version 1.0 Editorial Team/Scientology articles by quality log,WP 1.0 bot,true,-897,enwiki,2024-10-27 03:34:54
1833429618,Mamoudou Athie,Thinkofsomething1,false,-2,enwiki,2024-10-27 03:33:12
1833429719,2024 El Gouna Film Festival,Phantom Oficiall,false,9,enwiki,2024-10-27 03:33:40
1833429913,Emily Csikos,Citation bot,true,-2,enwiki,2024-10-27 03:34:14
1833430004,Wikipedia:Version 1.0 Editorial Team/San Marino articles by quality log,WP 1.0 bot,true,-781,enwiki,2024-10-27 03:34:31
1833430113,Talk:Jill Kelley,Music Air BB,false,-29,enwiki,2024-10-27 03:34:54
1833429601,User:Krisgabwoosh/Germán Busch 2,Krisgabwoosh,false,-38,enwiki,2024-10-27 03:33:08
1833429912,"Whittier, California",2600:1700:5ABC:2080:D6D:F448:6607:1BC8,false,52,enwiki,2024-10-27 03:34:12
1833430003,Ice hockey at the Winter World University Games,2804:14C:658F:4119:7C9C:A434:23AA:7DAD,false,20,enwiki,2024-10-27 03:34:29
1833429609,Amicus of Giovinazzo,Citation bot,true,1,enwiki,2024-10-27 03:33:09
1833429700,Wikipedia:Miscellany for deletion/User:Marine 69-71/Autographs,BusterD,false,227,enwiki,2024-10-27 03:33:36
1833429916,George Kotsonaros,Monkbot,true,1,enwiki,2024-10-27 03:34:15
1833430011,Jordy Gaspar,Lepricavark,false,12,enwiki,2024-10-27 03:34:31
1833429612,Template:Wisconsin Herd roster,Intruder007,false,146,enwiki,2024-10-27 03:33:11
1833429705,Wikipedia:Version 1.0 Editorial Team/Saint Kitts and Nevis articles by quality log,WP 1.0 bot,true,750,enwiki,2024-10-27 03:33:37
1833429805,Talk:Nepenthes rajah,Z1720,false,732,enwiki,2024-10-27 03:33:57
1833429914,User talk:Dancematters,Star Mississippi,false,1410,enwiki,2024-10-27 03:34:16
1833430007,Wikipedia:Administrators' noticeboard/Incidents,Dustfreeworld,false,176,enwiki,2024-10-27 03:34:23
1833430100,Indian locomotive class YDM-4,Stephan Leeds,false,4,enwiki,2024-10-27 03:34:50
1833429613,2024–25 Kuala Lumpur City F.C. season,Iancash81,false,3,enwiki,2024-10-27 03:33:07
1833429706,Template:Salt Lake City Stars current roster,Intruder007,false,-29,enwiki,2024-10-27 03:33:37
1833429806,Gustavo J. Vollmer,Mamikate,false,52,enwiki,2024-10-27 03:33:57
1833429918,Jordy Delem,Lepricavark,false,12,enwiki,2024-10-27 03:34:14
1833430015,Bloc Party,Bowling is life,false,-1,enwiki,2024-10-27 03:34:29
1833430101,Wikipedia:WikiProject Football/Arsenal F.C. task force/Vital articles,Phikia,false,313,enwiki,2024-10-27 03:34:51
1833430214,"Dubrovka, Kirzhachsky District, Vladimir Oblast",Monkbot,true,1,enwiki,2024-10-27 03:35:10
1833430312,Rachel Dawson,Citation bot,true,20,enwiki,2024-10-27 03:35:30
1833430617,Talk:Health effects of wine,94.255.152.53,false,329,enwiki,2024-10-27 03:36:41
1833430216,Jim Donovan (sportscaster),Editrite!,false,4,enwiki,2024-10-27 03:35:11
1833430313,Rajput,Dympies,false,2554,enwiki,2024-10-27 03:35:27
1833430501,Operation Shrimp,80.189.57.243,false,-11,enwiki,2024-10-27 03:36:17
1833430215,List of monarchs of fictional countries,2601:80:4880:B700:AD3B:9441:CAC5:ABE0,false,98,enwiki,2024-10-27 03:35:04
1833430505,User talk:50.102.149.14,50.102.149.14,false,47,enwiki,2024-10-27 03:36:16
1833430600,"Provo, Vladimirci",HirowoWiki,false,1,enwiki,2024-10-27 03:36:37
1833430219,Prosperous Justice Party,36.78.0.9,false,-27,enwiki,2024-10-27 03:35:10
1833430504,Bundeswehr Military History Museum,Monkbot,true,1,enwiki,2024-10-27 03:36:15
1833430602,DXVA-FM,2001:56A:732E:FA00:6434:79AA:EC3:BE65,false,55,enwiki,2024-10-27 03:36:37
1833430400,User talk:50.102.149.14,50.102.149.14,false,22,enwiki,2024-10-27 03:35:50
1833430511,Our Flag Means Death,24.243.67.113,false,73,enwiki,2024-10-27 03:36:13
1833430603,"Mumaičiai, Kėdainiai",Monkbot,true,2,enwiki,2024-10-27 03:36:37
1833430401,User:WP 1.0 bot/Tables/Project/Scouting,WP 1.0 bot,true,0,enwiki,2024-10-27 03:35:50
1833430516,User:WP 1.0 bot/Tables/Project/Shakespeare,WP 1.0 bot,true,528,enwiki,2024-10-27 03:36:19
1833430605,Wikipedia:Version 1.0 Editorial Team/Rail transport articles by quality log,WP 1.0 bot,true,-18182,enwiki,2024-10-27 03:36:37
1833430407,Wikipedia:Version 1.0 Editorial Team/Seattle articles by quality log,WP 1.0 bot,true,-363,enwiki,2024-10-27 03:35:52
1833430517,Tactical Airborne Reconnaissance Pod System,Wunghuang,false,9,enwiki,2024-10-27 03:36:20
1833430610,Minecraft,MarioProtIV,false,6,enwiki,2024-10-27 03:36:31
1833430305,Wikipedia:Version 1.0 Editorial Team/Seattle Sounders FC articles by quality log,WP 1.0 bot,true,-438,enwiki,2024-10-27 03:35:31
1833430411,Nestier,Monkbot,true,1,enwiki,2024-10-27 03:35:49
1833430519,Wikipedia:Version 1.0 Editorial Team/Shakespeare articles by quality log,WP 1.0 bot,true,-1061,enwiki,2024-10-27 03:36:21
1833430611,1950 in Canada,Cjrother,false,-21,enwiki,2024-10-27 03:36:40
1833430303,Žarnovica,Monkbot,true,2,enwiki,2024-10-27 03:35:29
1833430612,Saytakovo,Monkbot,true,2,enwiki,2024-10-27 03:36:40
1833430205,2024 FIFA U-17 Women's World Cup,Tomrtn,false,-12,enwiki,2024-10-27 03:35:05
1833430310,2006 Ohio gubernatorial election,Indylover2010,false,27,enwiki,2024-10-27 03:35:24
1833430616,Dispositional attribution,Jtneill,false,-1,enwiki,2024-10-27 03:36:42
1833430700,Association football,I'm not perfect but I'm almost,false,-42,enwiki,2024-10-27 03:36:54
1833430802,File:MOH Logo.svg,Minorax,false,53,enwiki,2024-10-27 03:37:22
1833430905,User:WP 1.0 bot/Tables/Project/Skepticism,WP 1.0 bot,true,0,enwiki,2024-10-27 03:37:38
1833431010,Toruń gingerbread,Monkbot,true,2,enwiki,2024-10-27 03:38:01
1833430701,2006 Ohio gubernatorial election,Indylover2010,false,50,enwiki,2024-10-27 03:36:52
1833430803,Wikipedia:Redirects for discussion/Log/2024 October 27,Cremastra,false,1149,enwiki,2024-10-27 03:37:22
1833430903,Template:Shades of lavender,DarknessGoth777,false,47,enwiki,2024-10-27 03:37:39
1833431018,List of Mutya ng Pilipinas titleholders,2600:1700:8400:15A0:C51C:CF4A:34A1:5CE7,false,23,enwiki,2024-10-27 03:38:02
1833431201,Wikipedia:Version 1.0 Editorial Team/Soil articles by quality log,WP 1.0 bot,true,0,enwiki,2024-10-27 03:38:38
1833430703,User:Krisgabwoosh/Germán Busch 2,Krisgabwoosh,false,-40,enwiki,2024-10-27 03:37:00
1833430804,Hi-IN,Cremastra,false,472,enwiki,2024-10-27 03:37:22
1833430906,Panagiotis Tsagalidis,Monkbot,true,1,enwiki,2024-10-27 03:37:37
1833431102,Angel investor,HMSLavender,false,-4,enwiki,2024-10-27 03:38:18
1833431203,Brussels Elementary High School,WhisperToMe,false,0,enwiki,2024-10-27 03:38:37
1833430704,Loupian,Monkbot,true,1,enwiki,2024-10-27 03:36:59
1833430806,User talk:Rahio1234,Cremastra,false,781,enwiki,2024-10-27 03:37:22
1833430910,User:WP 1.0 bot/Tables/Project/Skyscraper,WP 1.0 bot,true,0,enwiki,2024-10-27 03:37:40
1833431103,North Carolina State University,636Buster,false,36,enwiki,2024-10-27 03:38:15
1833431204,Livartzi,Monkbot,true,1,enwiki,2024-10-27 03:38:37
1833430705,Template:Philadelphia Eagles roster navbox,Jrooster49,false,-3,enwiki,2024-10-27 03:37:02
1833430809,Dig Up Her Bones,193.25.7.145,false,0,enwiki,2024-10-27 03:37:21
1833430913,Thescelosaurus,IJReid,false,897,enwiki,2024-10-27 03:37:37
1833431205,Talk:Aki Asakura,Family27390,false,27,enwiki,2024-10-27 03:38:38
1833430708,Rudolf Schauffler,Monkbot,true,3,enwiki,2024-10-27 03:37:03
1833430810,Seychelles,Sept211792,false,0,enwiki,2024-10-27 03:37:19
1833430914,Wikipedia:Version 1.0 Editorial Team/Skyscraper articles by quality log,WP 1.0 bot,true,1144,enwiki,2024-10-27 03:37:42
1833431002,Family Matters,81.39.137.162,false,269,enwiki,2024-10-27 03:37:58
1833431104,Criticism of Microsoft,2600:1700:5300:36B0:4104:5F64:E1C2:7213,false,69,enwiki,2024-10-27 03:38:15
1833431206,St. Stephen's & St. Agnes School,Skywatcher68,false,-7,enwiki,2024-10-27 03:38:38
1833430709,Vestron Video,161.51.250.108,false,0,enwiki,2024-10-27 03:37:02
1833430916,"Penki, Perm Krai",Monkbot,true,1,enwiki,2024-10-27 03:37:40
1833431113,User:WP 1.0 bot/Tables/Project/WikiProject Schools,WP 1.0 bot,true,0,enwiki,2024-10-27 03:38:20
1833431208,Wikipedia:Version 1.0 Editorial Team/Slovenia articles by quality log,WP 1.0 bot,true,-1004,enwiki,2024-10-27 03:38:39
1833430713,Wikipedia:Version 1.0 Editorial Team/Shropshire articles by quality log,WP 1.0 bot,true,-683,enwiki,2024-10-27 03:37:06
1833430813,Voussac,Monkbot,true,1,enwiki,2024-10-27 03:37:20
1833430915,1000 Ways to Lie,DasKlose,false,18,enwiki,2024-10-27 03:37:41
1833431006,Indian locomotive class WDG-4,Stephan Leeds,false,0,enwiki,2024-10-27 03:38:01
1833431209,1815 Vermont gubernatorial election,ZackCarns,false,0,enwiki,2024-10-27 03:38:39
1833430719,Taichung International Airport,Metrosfan,false,-210,enwiki,2024-10-27 03:37:05
1833430800,Izanagi,Tenkax,false,40,enwiki,2024-10-27 03:37:20
1833430917,Adrián González,2602:306:3362:8CF0:F490:8114:FF71:3D49,false,8,enwiki,2024-10-27 03:37:39
1833431008,Wikipedia:Version 1.0 Editorial Team/Skiing and Snowboarding articles by quality log,WP 1.0 bot,true,-31,enwiki,2024-10-27 03:38:01
1833431213,List of long marriages,Bart Versieck,false,17,enwiki,2024-10-27 03:38:36
1833430801,Wikipedia:Version 1.0 Editorial Team/The Simpsons articles by quality log,WP 1.0 bot,true,858,enwiki,2024-10-27 03:37:22
1833430918,Template:Philadelphia Eagles roster,Jrooster49,false,0,enwiki,2024-10-27 03:37:43
1833431009,Talk:Gotthard Panorama Express,Pencilsforall,false,-10,enwiki,2024-10-27 03:38:02
1833431317,User:WP 1.0 bot/Tables/Project/South African politics,WP 1.0 bot,true,0,enwiki,2024-10-27 03:38:57
1833431417,Wikipedia:Featured picture candidates/October-2024,Armbrust,false,60,enwiki,2024-10-27 03:39:08
1833431602,Comparison of web search engines,Haryono wiki,false,-5,enwiki,2024-10-27 03:39:47
1833431319,Template:Valley Suns roster,Intruder007,false,159,enwiki,2024-10-27 03:38:58
357994601,Armando Rito,GT1976,false,-27,dewiki,2024-10-27 03:39:50
1833431400,User:WP 1.0 bot/Tables/Project/South Asia,WP 1.0 bot,true,0,enwiki,2024-10-27 03:39:10
1833431605,Biała Piska,Monkbot,true,2,enwiki,2024-10-27 03:39:47
1833431401,Roksana Węgiel,62.74.24.174,false,-138,enwiki,2024-10-27 03:39:08
1833431519,User:WP 1.0 bot/Tables/Project/South Australia,WP 1.0 bot,true,-102,enwiki,2024-10-27 03:39:30
1833431606,User:ClueBot III/Indices/Talk:Islam and secularism,ClueBot III,true,24,enwiki,2024-10-27 03:39:50
1833431300,"Krasninsky District, Smolensk Oblast",Monkbot,true,1,enwiki,2024-10-27 03:38:52
1833431403,Wikipedia:Featured picture candidates,Armbrust,false,0,enwiki,2024-10-27 03:39:08
1833431607,User talk:SeanaTimothy/sandbox,SeanaTimothy,false,296,enwiki,2024-10-27 03:39:50
357994604,Manfred A. Hirt,GT1976,false,-27,dewiki,2024-10-27 03:39:57
1833431303,User:WP 1.0 bot/Tables/Project/Soccer in the United States and Canada,WP 1.0 bot,true,-125,enwiki,2024-10-27 03:38:55
1833431405,Wikipedia:Version 1.0 Editorial Team/South Asia articles by quality log,WP 1.0 bot,true,-2874,enwiki,2024-10-27 03:39:12
1833431608,Wikipedia:Version 1.0 Editorial Team/Sociology articles by quality log,WP 1.0 bot,true,-2926,enwiki,2024-10-27 03:39:49
357994606,Benutzer:Cookroach/Liste der Fornminnen in Kramfors,Cookroach,false,3028,dewiki,2024-10-27 03:39:58
1833431306,Wikipedia:Version 1.0 Editorial Team/South African politics articles by quality log,WP 1.0 bot,true,774,enwiki,2024-10-27 03:38:56
1833431404,Wikipedia:Version 1.0 Editorial Team/Russia articles by quality log,WP 1.0 bot,true,58018,enwiki,2024-10-27 03:39:08
1833431612,Kitab-ı Bahriye,Rjjiii,false,53,enwiki,2024-10-27 03:39:49
1833431307,List of Mutya ng Pilipinas titleholders,2600:1700:8400:15A0:C51C:CF4A:34A1:5CE7,false,19,enwiki,2024-10-27 03:38:54
1833431406,PKS 0208-512,Galaxybeing,false,-5,enwiki,2024-10-27 03:39:10
1833431614,Fen (land),Ctxz2323,false,3,enwiki,2024-10-27 03:39:51
1833431308,Ignazio La Russa,AviationEnzo,false,50,enwiki,2024-10-27 03:38:54
1833431412,Template:Zaventem,WhisperToMe,false,7,enwiki,2024-10-27 03:39:13
1833431600,October 2024 Israeli strikes on Iran,Durranistan,false,-5,enwiki,2024-10-27 03:39:43
1833431616,User:WP 1.0 bot/Tables/Project/Sociology,WP 1.0 bot,true,0,enwiki,2024-10-27 03:39:50
1833431313,Aconitine,108.44.215.76,false,150,enwiki,2024-10-27 03:38:55
1833431415,Mór Perczel,Monkbot,true,2,enwiki,2024-10-27 03:39:12
1833431601,Mickey Mantle,2600:1017:B8BD:2EEC:1D2:73F7:F89E:108D,false,-14,enwiki,2024-10-27 03:39:37
1833431617,Ainias Smith,Jrooster49,false,32,enwiki,2024-10-27 03:39:51
